MSR,Mean_A,Mean_B,SD_A,SD_B,metric_one_sigma,abs_metric_one_sigma,metric_pooled_sd_delta,abs_metric_pooled_sd_delta,Sigma_Score,Abs_Sigma_Score,Glass_Flag,Direction,STEP_SEQ,ITEM_NAME,ITEM_GROUP_ID,ITEM_ID,SUB_ITEM_ID,ZONE_ID,ONE_STEP_YN,SPEC_TYPE,Category1,Category2,Category3
ML_MSR_000,0.000198445492662557,0.000827218645949111,1.34570449984925,1.75304365940062,0.00046724459445368,0.00046724459445368,0.000419382489935882,0.000419382489935882,0.00046724459445368,0.00046724459445368,FALSE,Stable,EDS_ML,Peri_PB_000,MSRSUM_GOOD,MSR_000,G_AVG,-,N,U,PERI,PB,PB_1
ML_MSR_001,0.00236785164631891,0.346606827635959,0.801945777104352,0.81413219969603,0.42925467758258,0.42925467758258,0.426997495126035,0.426997495126035,0.42925467758258,0.42925467758258,FALSE,Stable,EDS_ML,Peri_PB_001,MSRSUM_GOOD,MSR_001,G_AVG,-,N,U,PERI,PB,PB_1
ML_MSR_002,0.00370471019854478,-0.00501618412874583,0.578206594734182,0.539178187244583,-0.0150826614686051,0.0150826614686051,-0.0154351583987572,0.0154351583987572,-0.0150826614686051,0.0150826614686051,FALSE,Stable,EDS_ML,Peri_PB_002,MSRSUM_GOOD,MSR_002,G_AVG,-,N,U,PERI,PB,PB_1
ML_MSR_003,0.00658226359600444,0.00037162863485017,0.612792011154815,0.836246356378421,-0.0101349803001678,0.0101349803001678,-0.00889417535069207,0.00889417535069207,-0.0101349803001678,0.0101349803001678,FALSE,Stable,EDS_ML,Peri_PB_003,MSRSUM_GOOD,MSR_003,G_AVG,-,N,U,PERI,PB,PB_1
ML_MSR_004,-0.00108819336539646,0.347537994450611,0.54962739446183,0.509467940743204,0.634295508791672,0.634295508791672,0.650341163553692,0.650341163553692,0.634295508791672,0.634295508791672,FALSE,Stable,EDS_ML,Peri_PB_004,MSRSUM_GOOD,MSR_004,G_AVG,-,N,U,PERI,PB,PB_1
ML_MSR_005,0.00361184646688864,-0.0010485227524972,0.704165372157855,0.73709482483759,-0.00661828798127992,0.00661828798127992,-0.00651130094773899,0.00651130094773899,-0.00661828798127992,0.00661828798127992,FALSE,Stable,EDS_ML,Peri_PB_005,MSRSUM_GOOD,MSR_005,G_AVG,-,N,U,PERI,PB,PB_1
ML_MSR_006,-0.00120755031446539,0.00223068856825752,0.672986211581819,0.680335538952166,0.00510892916311243,0.00510892916311243,0.00508962113369044,0.00508962113369044,0.00510892916311243,0.00510892916311243,FALSE,Stable,EDS_ML,Peri_PB_006,MSRSUM_GOOD,MSR_006,G_AVG,-,N,U,PERI,PB,PB_1
ML_MSR_007,0.00049402824022693,0.345061892119866,0.80024850550743,0.846789161462105,0.430576079190741,0.430576079190741,0.42192382616224,0.42192382616224,0.430576079190741,0.430576079190741,FALSE,Stable,EDS_ML,Peri_PB_007,MSRSUM_GOOD,MSR_007,G_AVG,-,N,U,PERI,PB,PB_1
ML_MSR_008,-0.00333754593661367,0.355154389345171,0.792246890576501,0.791528716503041,0.452500274278031,0.452500274278031,0.452642266540807,0.452642266540807,0.452500274278031,0.452500274278031,FALSE,Stable,EDS_ML,Peri_PB_008,MSRSUM_GOOD,MSR_008,G_AVG,-,N,U,PERI,PB,PB_1
ML_MSR_009,0.114648302626711,0.111060825971143,1.20897956444759,1.31468488675951,-0.00296735921852186,0.00296735921852186,-0.00287784445042535,0.00287784445042535,-0.00296735921852186,0.00296735921852186,FALSE,Stable,EDS_ML,Peri_PB_009,MSRSUM_GOOD,MSR_009,G_AVG,-,N,U,PERI,PB,PB_1
ML_MSR_010,0.00381270791712914,-0.00500901698113208,0.688746628026484,0.711950977235781,-0.012808374719073,0.012808374719073,-0.0126591346190583,0.0126591346190583,-0.012808374719073,0.012808374719073,FALSE,Stable,EDS_ML,Peri_PB_010,MSRSUM_GOOD,MSR_010,G_AVG,-,N,N,PERI,PB,PB_1
ML_MSR_011,0.00042861777037862,-0.00362645460599332,0.440633262329731,0.612783919769837,-0.00920282857206882,0.00920282857206882,-0.00799999985218256,0.00799999985218256,-0.00920282857206882,0.00920282857206882,FALSE,Stable,EDS_ML,Peri_PB_011,MSRSUM_GOOD,MSR_011,G_AVG,-,N,N,PERI,PB,PB_1
ML_MSR_012,0.00421933407325194,-0.00551393962264153,0.69212992007822,0.711419193667744,-0.014062784187676,0.014062784187676,-0.0139272143595721,0.0139272143595721,-0.014062784187676,0.014062784187676,FALSE,Stable,EDS_ML,Peri_PB_012,MSRSUM_GOOD,MSR_012,G_AVG,-,N,N,PERI,PB,PB_1
ML_MSR_013,0.110575195831792,0.117425482352941,1.15386386131402,1.04559930972617,0.00593682387569402,0.00593682387569402,0.00612959787685241,0.00612959787685241,0.00593682387569402,0.00593682387569402,FALSE,Stable,EDS_ML,Peri_PB_013,MSRSUM_GOOD,MSR_013,G_AVG,-,N,N,PERI,PB,PB_1
ML_MSR_014,-0.00224335423603404,0.00331103307436178,0.684361108310428,0.746104681664717,0.00811616446777441,0.00811616446777441,0.00786356230158725,0.00786356230158725,0.00811616446777441,0.00811616446777441,FALSE,Stable,EDS_ML,Peri_PB_014,MSRSUM_GOOD,MSR_014,G_AVG,-,N,N,PERI,PB,PB_1
ML_MSR_015,0.00124900795412506,-0.00325484550499446,0.356586896219545,0.358832476950411,-0.0126304513903017,0.0126304513903017,-0.012602922103564,0.012602922103564,-0.0126304513903017,0.0126304513903017,FALSE,Stable,EDS_ML,Peri_PB_015,MSRSUM_GOOD,MSR_015,G_AVG,-,N,N,PERI,PB,PB_1
ML_MSR_016,0.00119397379454925,-1.42261931187437e-05,0.541615463716026,0.540010429240904,-0.00223073392214198,0.00223073392214198,-0.00223302233380587,0.00223302233380587,-0.00223073392214198,0.00223073392214198,FALSE,Stable,EDS_ML,Peri_PB_016,MSRSUM_GOOD,MSR_016,G_AVG,-,N,N,PERI,PB,PB_1
ML_MSR_017,-0.000743833949932305,0.00078063152053256,1.66831976826046,1.67054508631034,0.000913772946570315,0.000913772946570315,0.000913351047136795,0.000913351047136795,0.000913772946570315,0.000913772946570315,FALSE,Stable,EDS_ML,Peri_PB_017,MSRSUM_GOOD,MSR_017,G_AVG,-,N,N,PERI,PB,PB_1
ML_MSR_018,0.000688208595387873,-0.00232025660377364,0.504243990632699,0.492919941177256,-0.00596628865202072,0.00596628865202072,-0.00601268386681772,0.00601268386681772,-0.00596628865202072,0.00596628865202072,FALSE,Stable,EDS_ML,Peri_PB_018,MSRSUM_GOOD,MSR_018,G_AVG,-,N,N,PERI,PB,PB_1
ML_MSR_019,0.000358327229004821,-0.000935422752497212,0.731081124707612,0.74858509993721,-0.00176963942547341,0.00176963942547341,-0.00175498154564952,0.00175498154564952,-0.00176963942547341,0.00176963942547341,FALSE,Stable,EDS_ML,Peri_PB_019,MSRSUM_GOOD,MSR_019,G_AVG,-,N,N,PERI,PB,PB_1
ML_MSR_020,0.0020839899494389,-0.0151026903440621,0.79026561617132,0.956985447695993,-0.0217479793398669,0.0217479793398669,-0.0201797945382794,0.0201797945382794,-0.0217479793398669,0.0217479793398669,FALSE,Stable,EDS_ML,Peri_PB_020,MSRSUM_GOOD,MSR_020,G_AVG,-,N,D,PERI,PB,PB_1
ML_MSR_021,-0.000666357134048616,0.00237972741398447,0.634072340709571,0.663241154668574,0.00480400161379742,0.00480400161379742,0.00472760544698072,0.00472760544698072,0.00480400161379742,0.00480400161379742,FALSE,Stable,EDS_ML,Peri_PB_021,MSRSUM_GOOD,MSR_021,G_AVG,-,N,D,PERI,PB,PB_1
ML_MSR_022,-0.000596229251449,0.000945814428412855,0.980860495701409,0.969892863250213,0.00157213353644052,0.00157213353644052,0.00157821972782654,0.00157821972782654,0.00157213353644052,0.00157213353644052,FALSE,Stable,EDS_ML,Peri_PB_022,MSRSUM_GOOD,MSR_022,G_AVG,-,N,D,PERI,PB,PB_1
ML_MSR_023,-0.00076046750524119,0.000905324861265356,1.06122823304672,1.06190349018739,0.00156968342401159,0.00156968342401159,0.0015693376946449,0.0015693376946449,0.00156968342401159,0.00156968342401159,FALSE,Stable,EDS_ML,Peri_PB_023,MSRSUM_GOOD,MSR_023,G_AVG,-,N,D,PERI,PB,PB_1
ML_MSR_024,0.000368493834011631,-0.00101514306326305,0.471655194999813,0.471070939720647,-0.00293357713843316,0.00293357713843316,-0.0029348350638606,0.0029348350638606,-0.00293357713843316,0.00293357713843316,FALSE,Stable,EDS_ML,Peri_PB_024,MSRSUM_GOOD,MSR_024,G_AVG,-,N,D,PERI,PB,PB_1
ML_MSR_025,-0.00143691780737456,0.00518867602663714,0.638341672968548,0.695220316105853,0.010379384763022,0.010379384763022,0.0100603232744607,0.0100603232744607,0.010379384763022,0.010379384763022,FALSE,Stable,EDS_ML,Peri_PB_025,MSRSUM_GOOD,MSR_025,G_AVG,-,N,D,PERI,PB,PB_2
ML_MSR_026,1.06066099395749e-05,0.00137398479467256,0.818685285173025,1.08447224447374,0.0016653263585223,0.0016653263585223,0.00148285976609183,0.00148285976609183,0.0016653263585223,0.0016653263585223,FALSE,Stable,EDS_ML,Peri_PB_026,MSRSUM_GOOD,MSR_026,G_AVG,-,N,D,PERI,PB,PB_2
ML_MSR_027,0.00534517825872487,-0.0145887956714761,0.686110106247138,0.946067001543088,-0.0290536077937041,0.0290536077937041,-0.0253649307001424,0.0253649307001424,-0.0290536077937041,0.0290536077937041,FALSE,Stable,EDS_ML,Peri_PB_027,MSRSUM_GOOD,MSR_027,G_AVG,-,N,D,PERI,PB,PB_2
ML_MSR_028,-0.00153624367986185,0.000800154605993355,0.594869040473128,0.559820473659769,0.00392758426963514,0.00392758426963514,0.004007713699441,0.004007713699441,0.00392758426963514,0.00392758426963514,FALSE,Stable,EDS_ML,Peri_PB_028,MSRSUM_GOOD,MSR_028,G_AVG,-,N,D,PERI,PB,PB_2
ML_MSR_029,0.00608688451103708,-0.0118694379578247,0.907052587895573,1.18453320824391,-0.0197963411476745,0.0197963411476745,-0.0177477408315598,0.0177477408315598,-0.0197963411476745,0.0197963411476745,FALSE,Stable,EDS_ML,Peri_PB_029,MSRSUM_GOOD,MSR_029,G_AVG,-,N,D,PERI,PB,PB_2
ML_MSR_030,0.00169686767788877,-0.00183742130965593,0.712193340813334,0.971124701480314,-0.00496254146873727,0.00496254146873727,-0.00435670008503527,0.00435670008503527,-0.00496254146873727,0.00496254146873727,FALSE,Stable,EDS_ML,Peri_PB_030,MSRSUM_GOOD,MSR_030,G_AVG,-,N,U,PERI,PB,PB_2
ML_MSR_031,-0.000790361943519539,0.00213667680355162,0.57469958997338,0.569611876787826,0.00509316310319056,0.00509316310319056,0.00510877317468875,0.00510877317468875,0.00509316310319056,0.00509316310319056,FALSE,Stable,EDS_ML,Peri_PB_031,MSRSUM_GOOD,MSR_031,G_AVG,-,N,U,PERI,PB,PB_2
ML_MSR_032,-0.00220373023800712,0.00170988168701434,0.70610441099218,0.692167488373525,0.00554253997581217,0.00554253997581217,0.00558041938159002,0.00558041938159002,0.00554253997581217,0.00554253997581217,FALSE,Stable,EDS_ML,Peri_PB_032,MSRSUM_GOOD,MSR_032,G_AVG,-,N,U,PERI,PB,PB_2
ML_MSR_033,-0.00238704655321246,0.00288250000000004,1.13627746099845,1.25045665251453,0.00463755265248521,0.00463755265248521,0.00447689028814215,0.00447689028814215,0.00463755265248521,0.00463755265248521,FALSE,Stable,EDS_ML,Peri_PB_033,MSRSUM_GOOD,MSR_033,G_AVG,-,N,U,PERI,PB,PB_2
ML_MSR_034,0.00137780651128374,0.352087852608213,0.657515984209167,0.745382586310633,0.533386342719483,0.533386342719483,0.508865258534171,0.508865258534171,0.533386342719483,0.533386342719483,FALSE,Stable,EDS_ML,Peri_PB_034,MSRSUM_GOOD,MSR_034,G_AVG,-,N,U,PERI,PB,PB_2
ML_MSR_035,0.002570098964114,-0.00225571753607105,0.488214090412032,0.482431104998199,-0.00988463175266462,0.00988463175266462,-0.00992516924485586,0.00992516924485586,-0.00988463175266462,0.00988463175266462,FALSE,Stable,EDS_ML,Peri_PB_035,MSRSUM_GOOD,MSR_035,G_AVG,-,N,U,PERI,PB,PB_2
ML_MSR_036,0.00221721889258848,-0.00566664495005549,0.549181215932546,0.731742851592437,-0.0143556691560483,0.0143556691560483,-0.0127466650015288,0.0127466650015288,-0.0143556691560483,0.0143556691560483,FALSE,Stable,EDS_ML,Peri_PB_036,MSRSUM_GOOD,MSR_036,G_AVG,-,N,U,PERI,PB,PB_2
ML_MSR_037,0.000876201257861631,-0.00676423473917867,0.698051330087147,0.881224797544656,-0.0109453784667761,0.0109453784667761,-0.00996889216818991,0.00996889216818991,-0.0109453784667761,0.0109453784667761,FALSE,Stable,EDS_ML,Peri_PB_037,MSRSUM_GOOD,MSR_037,G_AVG,-,N,U,PERI,PB,PB_2
ML_MSR_038,-0.000178744111481066,-0.000912631409544927,0.520424364108893,0.532309752993776,-0.00141017090796753,0.00141017090796753,-0.00139902907005882,0.00139902907005882,-0.00141017090796753,0.00141017090796753,FALSE,Stable,EDS_ML,Peri_PB_038,MSRSUM_GOOD,MSR_038,G_AVG,-,N,U,PERI,PB,PB_2
ML_MSR_039,0.00380475410038228,-0.00430257325194227,0.739949312232387,0.704649425910458,-0.0109565982673397,0.0109565982673397,-0.0111376034221632,0.0111376034221632,-0.0109565982673397,0.0109565982673397,FALSE,Stable,EDS_ML,Peri_PB_039,MSRSUM_GOOD,MSR_039,G_AVG,-,N,U,PERI,PB,PB_2
ML_MSR_040,0.00391570366259714,-0.00665364550499444,1.06313583585377,1.05925697573497,-0.00994167331317887,0.00994167331317887,-0.00995422994637786,0.00995422994637786,-0.00994167331317887,0.00994167331317887,FALSE,Stable,EDS_ML,Peri_PB_040,MSRSUM_GOOD,MSR_040,G_AVG,-,N,N,PERI,PB,PB_2
ML_MSR_041,-0.00136921728943149,0.00461672031076582,0.517867968170887,0.838018607756878,0.0115588102916264,0.0115588102916264,0.00925361027552105,0.00925361027552105,0.0115588102916264,0.0115588102916264,FALSE,Stable,EDS_ML,Peri_PB_041,MSRSUM_GOOD,MSR_041,G_AVG,-,N,N,PERI,PB,PB_2
ML_MSR_042,-0.000661982611912703,-0.00144406725860155,0.809723479552137,0.982783823133039,-0.000965866331456049,0.000965866331456049,-0.000895327764869969,0.000895327764869969,-0.000965866331456049,0.000965866331456049,FALSE,Stable,EDS_ML,Peri_PB_042,MSRSUM_GOOD,MSR_042,G_AVG,-,N,N,PERI,PB,PB_2
ML_MSR_043,-0.000410631273893188,-0.00193513540510544,1.18009167427419,1.18525328713461,-0.00129185228948411,0.00129185228948411,-0.00128989653943341,0.00128989653943341,-0.00129185228948411,0.00129185228948411,FALSE,Stable,EDS_ML,Peri_PB_043,MSRSUM_GOOD,MSR_043,G_AVG,-,N,N,PERI,PB,PB_2
ML_MSR_044,-0.00200981643852507,0.00234413140954487,0.609589495914879,0.777317400133172,0.00714242597231024,0.00714242597231024,0.00647522805639301,0.00647522805639301,0.00714242597231024,0.00714242597231024,FALSE,Stable,EDS_ML,Peri_PB_044,MSRSUM_GOOD,MSR_044,G_AVG,-,N,N,PERI,PB,PB_2
ML_MSR_045,0.00347823763719327,-0.00591368634850165,0.385294912217356,0.387696565180722,-0.0243759356479555,0.0243759356479555,-0.0243233470394842,0.0243233470394842,-0.0243759356479555,0.0243759356479555,FALSE,Stable,EDS_ML,Peri_PB_045,MSRSUM_GOOD,MSR_045,G_AVG,-,N,N,PERI,PB,PB_2
ML_MSR_046,0.00103782402269081,-0.000502342619311868,0.604313455331613,0.602672343680039,-0.00254862212385711,0.00254862212385711,-0.002551018044616,0.002551018044616,-0.00254862212385711,0.00254862212385711,FALSE,Stable,EDS_ML,Peri_PB_046,MSRSUM_GOOD,MSR_046,G_AVG,-,N,N,PERI,PB,PB_2
ML_MSR_047,-0.00400218812430631,-0.00122254450610432,0.680218862016691,0.871066681529754,0.00408639597255652,0.00408639597255652,0.00369739452490943,0.00369739452490943,0.00408639597255652,0.00408639597255652,FALSE,Stable,EDS_ML,Peri_PB_047,MSRSUM_GOOD,MSR_047,G_AVG,-,N,N,PERI,PB,PB_2
ML_MSR_048,0.113860655074609,0.110248712652609,0.583987136609743,0.555362132633899,-0.0061849691466986,0.0061849691466986,-0.00628995287127264,0.00628995287127264,-0.0061849691466986,0.0061849691466986,FALSE,Stable,EDS_ML,Peri_PB_048,MSRSUM_GOOD,MSR_048,G_AVG,-,N,N,PERI,PB,PB_2
ML_MSR_049,-0.00352737803674929,0.35508662463929,0.741906994262318,0.728321417524661,0.483367868815701,0.483367868815701,0.486432626292606,0.486432626292606,0.483367868815701,0.483367868815701,FALSE,Stable,EDS_ML,Peri_PB_049,MSRSUM_GOOD,MSR_049,G_AVG,-,N,N,PERI,PB,PB_2
ML_MSR_050,0.00591247280799109,-0.00796803884572694,0.872562546748167,0.875372442861645,-0.0159077555018232,0.0159077555018232,-0.0158900240669475,0.0158900240669475,-0.0159077555018232,0.0159077555018232,FALSE,Stable,EDS_ML,Peri_PB_050,MSRSUM_GOOD,MSR_050,G_AVG,-,N,D,PERI,PB,PB_3
ML_MSR_051,-0.00393816321371312,0.00456934794672585,0.965091788200103,0.95787482055123,0.00881523525995955,0.00881523525995955,0.00883805687093494,0.00883805687093494,0.00881523525995955,0.00881523525995955,FALSE,Stable,EDS_ML,Peri_PB_051,MSRSUM_GOOD,MSR_051,G_AVG,-,N,D,PERI,PB,PB_3
ML_MSR_052,-0.00133185528425204,0.352148346392897,1.2638643032678,1.26013363532165,0.279682083561664,0.279682083561664,0.279967871420838,0.279967871420838,0.279682083561664,0.279682083561664,FALSE,Stable,EDS_ML,Peri_PB_052,MSRSUM_GOOD,MSR_052,G_AVG,-,N,D,PERI,PB,PB_3
ML_MSR_053,0.00368746707362191,-0.00384381209766928,0.493319215531615,0.671088532005852,-0.0152665433134918,0.0152665433134918,-0.0134184463393632,0.0134184463393632,-0.0152665433134918,0.0152665433134918,FALSE,Stable,EDS_ML,Peri_PB_053,MSRSUM_GOOD,MSR_053,G_AVG,-,N,D,PERI,PB,PB_3
ML_MSR_054,-0.000729430262671063,0.00358554450610433,0.73970757503506,0.73294188751091,0.00583335214401567,0.00583335214401567,0.00585182387446339,0.00585182387446339,0.00583335214401567,0.00583335214401567,FALSE,Stable,EDS_ML,Peri_PB_054,MSRSUM_GOOD,MSR_054,G_AVG,-,N,D,PERI,PB,PB_3
ML_MSR_055,-0.00224648538660745,0.353493512541621,1.01509719770035,1.02154119223339,0.350449197115446,0.350449197115446,0.349679207419312,0.349679207419312,0.350449197115446,0.350449197115446,FALSE,Stable,EDS_ML,Peri_PB_055,MSRSUM_GOOD,MSR_055,G_AVG,-,N,D,PERI,PB,PB_3
ML_MSR_056,-0.000766069182389862,0.352282821198668,0.773746337099359,0.731626144695976,0.45628505551907,0.45628505551907,0.464886260226724,0.464886260226724,0.45628505551907,0.45628505551907,FALSE,Stable,EDS_ML,Peri_PB_056,MSRSUM_GOOD,MSR_056,G_AVG,-,N,D,PERI,PB,PB_3
ML_MSR_057,-0.00336630392156863,0.00535136381798001,0.452401037017629,0.42896020353824,0.0192697784183216,0.0192697784183216,0.0196155294651967,0.0196155294651967,0.0192697784183216,0.0192697784183216,FALSE,Stable,EDS_ML,Peri_PB_057,MSRSUM_GOOD,MSR_057,G_AVG,-,N,D,PERI,PB,PB_3
ML_MSR_058,-0.000195133678628646,0.3491603045505,0.984468040691983,1.02242607211794,0.354867221472793,0.354867221472793,0.350135965728518,0.350135965728518,0.354867221472793,0.354867221472793,FALSE,Stable,EDS_ML,Peri_PB_058,MSRSUM_GOOD,MSR_058,G_AVG,-,N,D,PERI,PB,PB_3
ML_MSR_059,0.00185022012578618,-0.0101258907880133,1.10782452560807,1.13886025866983,-0.0108104764220001,0.0108104764220001,-0.0107057159667089,0.0107057159667089,-0.0108104764220001,0.0108104764220001,FALSE,Stable,EDS_ML,Peri_PB_059,MSRSUM_GOOD,MSR_059,G_AVG,-,N,D,PERI,PB,PB_3
ML_MSR_060,0.00043092810457516,0.000384598668146549,0.795538194401555,0.972129431788929,-5.82365959983388e-05,5.82365959983388e-05,-5.38229004073363e-05,5.38229004073363e-05,-5.82365959983388e-05,5.82365959983388e-05,FALSE,Stable,EDS_ML,Peri_PB_060,MSRSUM_GOOD,MSR_060,G_AVG,-,N,U,PERI,PB,PB_3
ML_MSR_061,-0.00252638734739179,0.00419177491675913,0.478295042932778,0.603134967723745,0.014046062913295,0.014046062913295,0.0127994284869074,0.0127994284869074,0.014046062913295,0.014046062913295,FALSE,Stable,EDS_ML,Peri_PB_061,MSRSUM_GOOD,MSR_061,G_AVG,-,N,U,PERI,PB,PB_3
ML_MSR_062,-0.00113917529905042,0.000630870366259769,0.614795007460919,0.755758202311728,0.00287908269232767,0.00287908269232767,0.0026538609957765,0.0026538609957765,0.00287908269232767,0.00287908269232767,FALSE,Stable,EDS_ML,Peri_PB_062,MSRSUM_GOOD,MSR_062,G_AVG,-,N,U,PERI,PB,PB_3
ML_MSR_063,-0.000539016524848924,-0.00327296359600442,0.759844359610784,0.946446873344393,-0.00359803561949964,0.00359803561949964,-0.00329707666406091,0.00329707666406091,-0.00359803561949964,0.00359803561949964,FALSE,Stable,EDS_ML,Peri_PB_063,MSRSUM_GOOD,MSR_063,G_AVG,-,N,U,PERI,PB,PB_3
ML_MSR_064,0.000525238500431491,-0.00304925216426196,1.38061783183973,1.86468241918468,-0.00258905149727807,0.00258905149727807,-0.00228370922865478,0.00228370922865478,-0.00258905149727807,0.00258905149727807,FALSE,Stable,EDS_ML,Peri_PB_064,MSRSUM_GOOD,MSR_064,G_AVG,-,N,U,PERI,PB,PB_3
ML_MSR_065,0.00328229368602782,-0.00203479178690338,0.719593074632914,0.652668671176918,-0.0073890170158233,0.0073890170158233,-0.0076268411484562,0.0076268411484562,-0.0073890170158233,0.0073890170158233,FALSE,Stable,EDS_ML,Peri_PB_065,MSRSUM_GOOD,MSR_065,G_AVG,-,N,U,PERI,PB,PB_3
ML_MSR_066,-0.00187893266740666,0.00330813529411755,1.53390446462799,1.61975824376273,0.00338161083766205,0.00338161083766205,0.00331620789250645,0.00331620789250645,0.00338161083766205,0.00338161083766205,FALSE,Stable,EDS_ML,Peri_PB_066,MSRSUM_GOOD,MSR_066,G_AVG,-,N,U,PERI,PB,PB_3
ML_MSR_067,-0.00310478980145517,0.00622410965593788,1.04551702492439,1.40634272540002,0.00892276188239752,0.00892276188239752,0.00788620103730878,0.00788620103730878,0.00892276188239752,0.00892276188239752,FALSE,Stable,EDS_ML,Peri_PB_067,MSRSUM_GOOD,MSR_067,G_AVG,-,N,U,PERI,PB,PB_3
ML_MSR_068,0.00149415698606488,-0.00242692186459494,0.708458247086823,0.675725137878978,-0.00553466469870776,0.00553466469870776,-0.00562321900765882,0.00562321900765882,-0.00553466469870776,0.00553466469870776,FALSE,Stable,EDS_ML,Peri_PB_068,MSRSUM_GOOD,MSR_068,G_AVG,-,N,U,PERI,PB,PB_3
ML_MSR_069,0.00138371081514367,-0.00321763806881244,0.818917644582305,0.804247935655732,-0.00561881761175516,0.00561881761175516,-0.00565366851181829,0.00565366851181829,-0.00561881761175516,0.00561881761175516,FALSE,Stable,EDS_ML,Peri_PB_069,MSRSUM_GOOD,MSR_069,G_AVG,-,N,U,PERI,PB,PB_3
ML_MSR_070,0.00122830244173143,-0.000434108324084361,0.746072332672533,0.741888440982369,-0.00222821661253784,0.00222821661253784,-0.00223254244694471,0.00223254244694471,-0.00222821661253784,0.00222821661253784,FALSE,Stable,EDS_ML,Peri_PB_070,MSRSUM_GOOD,MSR_070,G_AVG,-,N,N,PERI,PB,PB_3
ML_MSR_071,0.00159609236650637,-0.00317373196448393,0.635661198563767,0.842511356526302,-0.00750372107306124,0.00750372107306124,-0.00667971061665151,0.00667971061665151,-0.00750372107306124,0.00750372107306124,FALSE,Stable,EDS_ML,Peri_PB_071,MSRSUM_GOOD,MSR_071,G_AVG,-,N,N,PERI,PB,PB_3
ML_MSR_072,0.00185750024663948,0.00389143518312998,0.917309533280303,1.24063766249626,0.0022172831118599,0.0022172831118599,0.00195446295428885,0.00195446295428885,0.0022172831118599,0.0022172831118599,FALSE,Stable,EDS_ML,Peri_PB_072,MSRSUM_GOOD,MSR_072,G_AVG,-,N,N,PERI,PB,PB_3
ML_MSR_073,0.000487987668023193,0.000113661931187575,0.498363608922231,0.737030884376768,-0.000751109692068288,0.000751109692068288,-0.000632338439017886,0.000632338439017886,-0.000751109692068288,0.000751109692068288,FALSE,Stable,EDS_ML,Peri_PB_073,MSRSUM_GOOD,MSR_073,G_AVG,-,N,N,PERI,PB,PB_3
ML_MSR_074,0.00218880626464424,0.348003537846838,1.1971625076591,1.14447756497892,0.288861979363513,0.288861979363513,0.293264187187122,0.293264187187122,0.288861979363513,0.288861979363513,FALSE,Stable,EDS_ML,Peri_PB_074,MSRSUM_GOOD,MSR_074,G_AVG,-,N,N,PERI,PB,PB_3
ML_MSR_075,0.001609343137255,-0.00130475194228627,0.706580005165528,0.690416911036048,-0.00412422522324077,0.00412422522324077,-0.0041568926613971,0.0041568926613971,-0.00412422522324077,0.00412422522324077,FALSE,Stable,EDS_ML,Peri_BL_075,MSRSUM_GOOD,MSR_075,G_AVG,-,N,N,PERI,BL,BL_1
ML_MSR_076,-0.00339711629054136,0.00631129733629302,0.567473140100411,0.550917257022235,0.0171081465197041,0.0171081465197041,0.0172809848628721,0.0172809848628721,0.0171081465197041,0.0171081465197041,FALSE,Stable,EDS_ML,Peri_BL_076,MSRSUM_GOOD,MSR_076,G_AVG,-,N,N,PERI,BL,BL_1
ML_MSR_077,-0.00117785423603407,-0.000274048501664798,0.615636563038929,0.606044534144424,0.00146808326313154,0.00146808326313154,0.00147600303458197,0.00147600303458197,0.00146808326313154,0.00146808326313154,FALSE,Stable,EDS_ML,Peri_BL_077,MSRSUM_GOOD,MSR_077,G_AVG,-,N,N,PERI,BL,BL_1
ML_MSR_078,-0.00359300209643603,0.0071196410654827,1.41468283400129,1.52140487365984,0.00757246988826396,0.00757246988826396,0.00737524914053791,0.00737524914053791,0.00757246988826396,0.00757246988826396,FALSE,Stable,EDS_ML,Peri_BL_078,MSRSUM_GOOD,MSR_078,G_AVG,-,N,N,PERI,BL,BL_1
ML_MSR_079,-0.000833996793685963,0.351870125416203,0.850921357467172,0.81190879409683,0.414496732412192,0.414496732412192,0.421077580226947,0.421077580226947,0.414496732412192,0.414496732412192,FALSE,Stable,EDS_ML,Peri_BL_079,MSRSUM_GOOD,MSR_079,G_AVG,-,N,N,PERI,BL,BL_1
ML_MSR_080,0.00145218448637316,-0.00134832341842397,0.513418665380932,0.517712367576848,-0.00545462814975628,0.00545462814975628,-0.00543884047806527,0.00543884047806527,-0.00545462814975628,0.00545462814975628,FALSE,Stable,EDS_ML,Peri_BL_080,MSRSUM_GOOD,MSR_080,G_AVG,-,N,D,PERI,BL,BL_1
ML_MSR_081,0.000126750215809596,-0.00110511298557159,0.415955539733383,0.416590506786336,-0.00296152613370838,0.00296152613370838,-0.00295996127173233,0.00295996127173233,-0.00296152613370838,0.00296152613370838,FALSE,Stable,EDS_ML,Peri_BL_081,MSRSUM_GOOD,MSR_081,G_AVG,-,N,D,PERI,BL,BL_1
ML_MSR_082,0.00109645246022934,0.00266549522752497,0.494259195690773,0.478774206041973,0.00317453429491128,0.00317453429491128,0.00320897495580367,0.00320897495580367,0.00317453429491128,0.00317453429491128,FALSE,Stable,EDS_ML,Peri_BL_082,MSRSUM_GOOD,MSR_082,G_AVG,-,N,D,PERI,BL,BL_1
ML_MSR_083,-0.00389434517203106,0.351310791675916,0.771434891588206,0.747392856462168,0.460447330968738,0.460447330968738,0.465416535104963,0.465416535104963,0.460447330968738,0.460447330968738,FALSE,Stable,EDS_ML,Peri_BL_083,MSRSUM_GOOD,MSR_083,G_AVG,-,N,D,PERI,BL,BL_1
ML_MSR_084,-0.00523819761992842,0.00780762852386239,0.74005324677603,0.999207487151899,0.0176282263480684,0.0176282263480684,0.0155516638253653,0.0155516638253653,0.0176282263480684,0.0176282263480684,FALSE,Stable,EDS_ML,Peri_BL_084,MSRSUM_GOOD,MSR_084,G_AVG,-,N,D,PERI,BL,BL_1
ML_MSR_085,-0.00307150573436918,0.00646583207547177,0.785205875411203,0.776142328039126,0.0121462894108457,0.0121462894108457,0.0121948306710434,0.0121948306710434,0.0121462894108457,0.0121462894108457,FALSE,Stable,EDS_ML,Peri_BL_085,MSRSUM_GOOD,MSR_085,G_AVG,-,N,D,PERI,BL,BL_1
ML_MSR_086,0.000556658589221851,-0.00445258856825745,0.531891594001922,0.764302723448819,-0.0094177971864342,0.0094177971864342,-0.00805029492983843,0.00805029492983843,-0.0094177971864342,0.0094177971864342,FALSE,Stable,EDS_ML,Peri_BL_086,MSRSUM_GOOD,MSR_086,G_AVG,-,N,D,PERI,BL,BL_1
ML_MSR_087,-0.00571915920582067,0.00976722608213099,0.835752286167909,0.944590789049125,0.0185298748735224,0.0185298748735224,0.0176995227992398,0.0176995227992398,0.0185298748735224,0.0185298748735224,FALSE,Stable,EDS_ML,Peri_BL_087,MSRSUM_GOOD,MSR_087,G_AVG,-,N,D,PERI,BL,BL_1
ML_MSR_088,0.1146070106055,0.109066437291898,0.802533925162068,0.821378759196396,-0.00690384934503995,0.00690384934503995,-0.00684776503685265,0.00684776503685265,-0.00690384934503995,0.00690384934503995,FALSE,Stable,EDS_ML,Peri_BL_088,MSRSUM_GOOD,MSR_088,G_AVG,-,N,D,PERI,BL,BL_1
ML_MSR_089,0.115591483166852,0.110609570810211,0.924338531334805,0.791326996952299,-0.00538970538147618,0.00538970538147618,-0.00565758215304335,0.00565758215304335,-0.00538970538147618,0.00538970538147618,FALSE,Stable,EDS_ML,Peri_BL_089,MSRSUM_GOOD,MSR_089,G_AVG,-,N,D,PERI,BL,BL_1
ML_MSR_090,-0.00138353397459613,-0.00148166359600442,0.509631090991749,0.67176664305187,-0.000192550303823356,0.000192550303823356,-0.00017185904160533,0.00017185904160533,-0.000192550303823356,0.000192550303823356,FALSE,Stable,EDS_ML,Peri_BL_090,MSRSUM_GOOD,MSR_090,G_AVG,-,N,U,PERI,BL,BL_1
ML_MSR_091,0.000530358552225923,-3.44159822419539e-05,0.456604401180861,0.467358301942078,-0.00123690120596137,0.00123690120596137,-0.0012268230472486,0.0012268230472486,-0.00123690120596137,0.00123690120596137,FALSE,Stable,EDS_ML,Peri_BL_091,MSRSUM_GOOD,MSR_091,G_AVG,-,N,U,PERI,BL,BL_1
ML_MSR_092,0.00490222487359718,-0.00839024661487244,0.665968786156415,0.670439465897927,-0.0199596013578745,0.0199596013578745,-0.0199132267384224,0.0199132267384224,-0.0199596013578745,0.0199596013578745,FALSE,Stable,EDS_ML,Peri_BL_092,MSRSUM_GOOD,MSR_092,G_AVG,-,N,U,PERI,BL,BL_1
ML_MSR_093,-0.00562547268467139,0.0106676835738069,0.546858353493204,0.529098832717204,0.029794106928058,0.029794106928058,0.0301291683590044,0.0301291683590044,0.029794106928058,0.029794106928058,FALSE,Stable,EDS_ML,Peri_BL_093,MSRSUM_GOOD,MSR_093,G_AVG,-,N,U,PERI,BL,BL_1
ML_MSR_094,-0.00163913688494266,-0.00751745294117648,0.519918545659059,0.777039409266228,-0.0113062249948833,0.0113062249948833,-0.00946456302447546,0.00946456302447546,-0.0113062249948833,0.0113062249948833,FALSE,Stable,EDS_ML,Peri_BL_094,MSRSUM_GOOD,MSR_094,G_AVG,-,N,U,PERI,BL,BL_1
ML_MSR_095,0.00145832352941178,-0.00116975072142064,0.434616892180952,0.451263948394753,-0.00604687553133167,0.00604687553133167,-0.0059667862725198,0.0059667862725198,-0.00604687553133167,0.00604687553133167,FALSE,Stable,EDS_ML,Peri_BL_095,MSRSUM_GOOD,MSR_095,G_AVG,-,N,U,PERI,BL,BL_1
ML_MSR_096,-0.000572285916882399,-0.00145693473917873,0.766057279005113,1.02177706601121,-0.00115480767109901,0.00115480767109901,-0.00102485784799251,0.00102485784799251,-0.00115480767109901,0.00115480767109901,FALSE,Stable,EDS_ML,Peri_BL_096,MSRSUM_GOOD,MSR_096,G_AVG,-,N,U,PERI,BL,BL_1
ML_MSR_097,-0.00173190276236279,0.00599276936736961,0.577835574809168,0.816609212708675,0.013368287565686,0.013368287565686,0.0115261756560271,0.0115261756560271,0.013368287565686,0.013368287565686,FALSE,Stable,EDS_ML,Peri_BL_097,MSRSUM_GOOD,MSR_097,G_AVG,-,N,U,PERI,BL,BL_1
ML_MSR_098,0.00105415612282653,-0.0039598844617092,0.64792346704488,0.730718078747428,-0.00773863093337907,0.00773863093337907,-0.00739830014724168,0.00739830014724168,-0.00773863093337907,0.00773863093337907,FALSE,Stable,EDS_ML,Peri_BL_098,MSRSUM_GOOD,MSR_098,G_AVG,-,N,U,PERI,BL,BL_1
ML_MSR_099,0.111571689110865,0.115964658157603,0.618407457678992,0.669153871098302,0.00710368057853942,0.00710368057853942,0.00690249997378443,0.00690249997378443,0.00710368057853942,0.00710368057853942,FALSE,Stable,EDS_ML,Peri_BL_099,MSRSUM_GOOD,MSR_099,G_AVG,-,N,U,PERI,BL,BL_1
ML_MSR_100,-0.000762176778887649,-0.000101453163152041,0.61594355009391,0.834653774945639,0.00107270157408884,0.00107270157408884,0.000944655214572635,0.000944655214572635,0.00107270157408884,0.00107270157408884,FALSE,Stable,EDS_ML,Peri_BL_100,MSRSUM_GOOD,MSR_100,G_AVG,-,N,N,PERI,BL,BL_2
ML_MSR_101,0.0031939256381798,0.346037416537181,0.686186040954288,0.679732551590664,0.499636352879176,0.499636352879176,0.501263197082418,0.501263197082418,0.499636352879176,0.499636352879176,FALSE,Stable,EDS_ML,Peri_BL_101,MSRSUM_GOOD,MSR_101,G_AVG,-,N,N,PERI,BL,BL_2
ML_MSR_102,0.00136170958194599,-0.00181878490566037,0.452369579914975,0.463920878337933,-0.00703074350888969,0.00703074350888969,-0.00696863755126076,0.00696863755126076,-0.00703074350888969,0.00703074350888969,FALSE,Stable,EDS_ML,Peri_BL_102,MSRSUM_GOOD,MSR_102,G_AVG,-,N,N,PERI,BL,BL_2
ML_MSR_103,-0.000124004439511681,-0.00753065527192011,0.667763672473505,0.870911340138446,-0.0110917247189758,0.0110917247189758,-0.00995003187995234,0.00995003187995234,-0.0110917247189758,0.0110917247189758,FALSE,Stable,EDS_ML,Peri_BL_103,MSRSUM_GOOD,MSR_103,G_AVG,-,N,N,PERI,BL,BL_2
ML_MSR_104,0.00457845289184858,-0.00500350577136523,0.716297119758661,0.909319202313464,-0.0133770727242938,0.0133770727242938,-0.0121524732803288,0.0121524732803288,-0.0133770727242938,0.0133770727242938,FALSE,Stable,EDS_ML,Peri_BL_104,MSRSUM_GOOD,MSR_104,G_AVG,-,N,N,PERI,BL,BL_2
ML_MSR_105,-0.001088622888149,-0.00161653029966702,0.622029019064738,0.588485987086279,-0.000848686147009273,0.000848686147009273,-0.000864534034209749,0.000864534034209749,-0.000848686147009273,0.000848686147009273,FALSE,Stable,EDS_ML,Peri_BL_105,MSRSUM_GOOD,MSR_105,G_AVG,-,N,N,PERI,BL,BL_2
ML_MSR_106,0.00195120717721055,-0.00221643928967821,0.881823355641825,0.873674855296571,-0.00472616929481912,0.00472616929481912,-0.00474128900626364,0.00474128900626364,-0.00472616929481912,0.00472616929481912,FALSE,Stable,EDS_ML,Peri_BL_106,MSRSUM_GOOD,MSR_106,G_AVG,-,N,N,PERI,BL,BL_2
ML_MSR_107,-0.00134776285608585,-0.000862221864594909,0.602686635224015,0.8307954137713,0.000805627606642502,0.000805627606642502,0.000703446254785312,0.000703446254785312,0.000805627606642502,0.000805627606642502,FALSE,Stable,EDS_ML,Peri_BL_107,MSRSUM_GOOD,MSR_107,G_AVG,-,N,N,PERI,BL,BL_2
ML_MSR_108,-0.00302415266987294,0.00752686603773573,0.777739622008312,1.08503991510491,0.0135662610069465,0.0135662610069465,0.0117741308946669,0.0117741308946669,0.0135662610069465,0.0135662610069465,FALSE,Stable,EDS_ML,Peri_BL_108,MSRSUM_GOOD,MSR_108,G_AVG,-,N,N,PERI,BL,BL_2
ML_MSR_109,-0.00010611141941057,-0.000375619866814567,0.980112718693562,0.971618284862284,-0.000274976992200691,0.000274976992200691,-0.000275802058987328,0.000275802058987328,-0.000274976992200691,0.000274976992200691,FALSE,Stable,EDS_ML,Peri_BL_109,MSRSUM_GOOD,MSR_109,G_AVG,-,N,N,PERI,BL,BL_2
ML_MSR_110,-0.00212843852509556,0.0030243842397336,0.728381997135663,0.724082561726342,0.00707434119060118,0.00707434119060118,0.00708879736399,0.00708879736399,0.00707434119060118,0.00707434119060118,FALSE,Stable,EDS_ML,Peri_BL_110,MSRSUM_GOOD,MSR_110,G_AVG,-,N,D,PERI,BL,BL_2
ML_MSR_111,-0.000464325255888477,-0.00031407980022197,0.540216277069553,0.543002441347531,0.000278120934233093,0.000278120934233093,0.000277624460485686,0.000277624460485686,0.000278120934233093,0.000278120934233093,FALSE,Stable,EDS_ML,Peri_BL_111,MSRSUM_GOOD,MSR_111,G_AVG,-,N,D,PERI,BL,BL_2
ML_MSR_112,-0.00210995881119745,0.00387617513873479,0.882248496417026,0.883149460538507,0.00678508829909377,0.00678508829909377,0.00678268983839454,0.00678268983839454,0.00678508829909377,0.00678508829909377,FALSE,Stable,EDS_ML,Peri_BL_112,MSRSUM_GOOD,MSR_112,G_AVG,-,N,D,PERI,BL,BL_2
ML_MSR_113,-0.00282628949315575,0.00555693651498336,0.404047120118528,0.534382187863763,0.0207481394884831,0.0207481394884831,0.0184887613977247,0.0184887613977247,0.0207481394884831,0.0207481394884831,FALSE,Stable,EDS_ML,Peri_BL_113,MSRSUM_GOOD,MSR_113,G_AVG,-,N,D,PERI,BL,BL_2
ML_MSR_114,-0.000180578308052779,3.27864594894585e-05,0.50317750082871,0.522934697955095,0.000424034793270438,0.000424034793270438,0.000418277702175393,0.000418277702175393,0.000424034793270438,0.000424034793270438,FALSE,Stable,EDS_ML,Peri_BL_114,MSRSUM_GOOD,MSR_114,G_AVG,-,N,D,PERI,BL,BL_2
ML_MSR_115,0.00121565008015791,-0.00575357713651504,0.861707985974084,1.04445625579924,-0.00808769018056025,0.00808769018056025,-0.00750150404102073,0.00750150404102073,-0.00808769018056025,0.00808769018056025,FALSE,Stable,EDS_ML,Peri_BL_115,MSRSUM_GOOD,MSR_115,G_AVG,-,N,D,PERI,BL,BL_2
ML_MSR_116,0.00563141207300532,-0.0109020028856826,0.740571714641305,0.750449046288872,-0.0223252044762415,0.0223252044762415,-0.0222221637567939,0.0222221637567939,-0.0223252044762415,0.0223252044762415,FALSE,Stable,EDS_ML,Peri_BL_116,MSRSUM_GOOD,MSR_116,G_AVG,-,N,D,PERI,BL,BL_2
ML_MSR_117,-4.2538845726987e-05,-0.00283914350721423,0.647522916104639,0.638581036971934,-0.00431892770422864,0.00431892770422864,-0.00433957749801192,0.00433957749801192,-0.00431892770422864,0.00431892770422864,FALSE,Stable,EDS_ML,Peri_BL_117,MSRSUM_GOOD,MSR_117,G_AVG,-,N,D,PERI,BL,BL_2
ML_MSR_118,-0.0023831963250709,0.00570357447280802,0.588851670282932,0.788869291874129,0.0137331202507983,0.0137331202507983,0.0121617900527254,0.0121617900527254,0.0137331202507983,0.0137331202507983,FALSE,Stable,EDS_ML,Peri_BL_118,MSRSUM_GOOD,MSR_118,G_AVG,-,N,D,PERI,BL,BL_2
ML_MSR_119,0.00154202114934026,-0.00539447047724756,0.610652372740853,0.810671332318848,-0.0113591495525581,0.0113591495525581,-0.0101038956233072,0.0101038956233072,-0.0113591495525581,0.0113591495525581,FALSE,Stable,EDS_ML,Peri_BL_119,MSRSUM_GOOD,MSR_119,G_AVG,-,N,D,PERI,BL,BL_2
ML_MSR_120,0.113663401652485,0.113082569478357,0.422396240285922,0.41003958256162,-0.00137508840924902,0.00137508840924902,-0.00138901811345793,0.00138901811345793,-0.00137508840924902,0.00137508840924902,FALSE,Stable,EDS_ML,Peri_BL_120,MSRSUM_GOOD,MSR_120,G_AVG,-,N,U,PERI,BL,BL_2
ML_MSR_121,0.00218632186459491,0.347794810210876,0.628466372988657,0.625137966102146,0.549923596870822,0.549923596870822,0.550931845009004,0.550931845009004,0.549923596870822,0.549923596870822,FALSE,Stable,EDS_ML,Peri_BL_121,MSRSUM_GOOD,MSR_121,G_AVG,-,N,U,PERI,BL,BL_2
ML_MSR_122,-0.00226839117030461,0.354596653940066,0.483745279566546,0.477951761978532,0.73771271821016,0.73771271821016,0.740771639136345,0.740771639136345,0.73771271821016,0.73771271821016,FALSE,Stable,EDS_ML,Peri_BL_122,MSRSUM_GOOD,MSR_122,G_AVG,-,N,U,PERI,BL,BL_2
ML_MSR_123,-0.00143517838204464,0.000689719533851287,0.584386368217886,0.638390681552277,0.00363611821127159,0.00363611821127159,0.00352021573965935,0.00352021573965935,0.00363611821127159,0.00363611821127159,FALSE,Stable,EDS_ML,Peri_BL_123,MSRSUM_GOOD,MSR_123,G_AVG,-,N,U,PERI,BL,BL_2
ML_MSR_124,-0.00183250030829941,0.00150091753607105,0.515294608627204,0.689575821365749,0.00646895540640531,0.00646895540640531,0.00573182104084428,0.00573182104084428,0.00646895540640531,0.00646895540640531,FALSE,Stable,EDS_ML,Peri_BL_124,MSRSUM_GOOD,MSR_124,G_AVG,-,N,U,PERI,BL,BL_2
ML_MSR_125,0.00203314311259094,-0.00353341165371797,1.26663920917449,1.27695064491484,-0.00439474376443536,0.00439474376443536,-0.00438236165479906,0.00438236165479906,-0.00439474376443536,0.00439474376443536,FALSE,Stable,EDS_ML,Peri_BL_125,MSRSUM_GOOD,MSR_125,G_AVG,-,N,U,PERI,BL,BL_3
ML_MSR_126,0.00380591780737455,-0.00493966792452827,0.543270857812865,0.576159224865502,-0.0160980210996617,0.0160980210996617,-0.0157613354157613,0.0157613354157613,-0.0160980210996617,0.0160980210996617,FALSE,Stable,EDS_ML,Peri_BL_126,MSRSUM_GOOD,MSR_126,G_AVG,-,N,U,PERI,BL,BL_3
ML_MSR_127,0.114251539030707,0.10749725427303,0.849130933699595,0.81034758169287,-0.00795435013567276,0.00795435013567276,-0.00808016188144133,0.00808016188144133,-0.00795435013567276,0.00795435013567276,FALSE,Stable,EDS_ML,Peri_BL_127,MSRSUM_GOOD,MSR_127,G_AVG,-,N,U,PERI,BL,BL_3
ML_MSR_128,0.00276037661857193,-0.00446928324084347,0.621458853702138,0.830347199183237,-0.0116333685107985,0.0116333685107985,-0.0103155924843794,0.0103155924843794,-0.0116333685107985,0.0116333685107985,FALSE,Stable,EDS_ML,Peri_BL_128,MSRSUM_GOOD,MSR_128,G_AVG,-,N,U,PERI,BL,BL_3
ML_MSR_129,-0.00180225866321375,0.00626446403995552,0.639377806988884,0.82526296716556,0.0126165197086822,0.0126165197086822,0.0113734766199444,0.0113734766199444,0.0126165197086822,0.0126165197086822,FALSE,Stable,EDS_ML,Peri_BL_129,MSRSUM_GOOD,MSR_129,G_AVG,-,N,U,PERI,BL,BL_3
ML_MSR_130,-0.00401380305833025,0.00417382841287462,0.627073284322022,0.61099323146922,0.013056897297191,0.013056897297191,0.0131728360737008,0.0131728360737008,0.013056897297191,0.013056897297191,FALSE,Stable,EDS_ML,Peri_BL_130,MSRSUM_GOOD,MSR_130,G_AVG,-,N,N,PERI,BL,BL_3
ML_MSR_131,-0.00125073110124557,0.00121416570477257,1.24533851508885,1.2422209763516,0.00197929862134095,0.00197929862134095,0.00198101386266245,0.00198101386266245,0.00197929862134095,0.00197929862134095,FALSE,Stable,EDS_ML,Peri_BL_131,MSRSUM_GOOD,MSR_131,G_AVG,-,N,N,PERI,BL,BL_3
ML_MSR_132,0.000515208780367502,-0.0013030541620422,0.418301143929387,0.422259698683932,-0.00434677975137606,0.00434677975137606,-0.00433254346019351,0.00433254346019351,-0.00434677975137606,0.00434677975137606,FALSE,Stable,EDS_ML,Peri_BL_132,MSRSUM_GOOD,MSR_132,G_AVG,-,N,N,PERI,BL,BL_3
ML_MSR_133,0.00132614607226537,0.34794164073252,1.12178694176768,1.12058587740125,0.308985139472267,0.308985139472267,0.309099656874779,0.309099656874779,0.308985139472267,0.308985139472267,FALSE,Stable,EDS_ML,Peri_BL_133,MSRSUM_GOOD,MSR_133,G_AVG,-,N,N,PERI,BL,BL_3
ML_MSR_134,0.00161180743618198,-0.00597146170921196,0.643958526445657,0.863162416940782,-0.0117760210230462,0.0117760210230462,-0.010425864751519,0.010425864751519,-0.0117760210230462,0.0117760210230462,FALSE,Stable,EDS_ML,Peri_BL_134,MSRSUM_GOOD,MSR_134,G_AVG,-,N,N,PERI,BL,BL_3
ML_MSR_135,-0.00344302404735475,0.012844386681465,0.684269952035622,0.537470340616531,0.0238026098915591,0.0238026098915591,0.0255571793717511,0.0255571793717511,0.0238026098915591,0.0238026098915591,FALSE,Stable,EDS_ML,Peri_BL_135,MSRSUM_GOOD,MSR_135,G_AVG,-,N,N,PERI,BL,BL_3
ML_MSR_136,-0.00316287458379579,0.00259616503884572,0.520758270952519,0.511616908290195,0.011058949888799,0.011058949888799,0.0111261662012077,0.0111261662012077,0.011058949888799,0.011058949888799,FALSE,Stable,EDS_ML,Peri_BL_136,MSRSUM_GOOD,MSR_136,G_AVG,-,N,N,PERI,BL,BL_3
ML_MSR_137,-0.00232951449007278,0.00281012452830184,0.782827795763176,0.771873006637143,0.00656547844390732,0.00656547844390732,0.00659728900586511,0.00659728900586511,0.00656547844390732,0.00656547844390732,FALSE,Stable,EDS_ML,Peri_BL_137,MSRSUM_GOOD,MSR_137,G_AVG,-,N,N,PERI,BL,BL_3
ML_MSR_138,0.000664338204464153,-0.00011512486126528,0.609685293919546,0.817964050055119,-0.00127846788089379,0.00127846788089379,-0.00113138714029398,0.00113138714029398,-0.00127846788089379,0.00127846788089379,FALSE,Stable,EDS_ML,Peri_BL_138,MSRSUM_GOOD,MSR_138,G_AVG,-,N,N,PERI,BL,BL_3
ML_MSR_139,0.00208461659884078,0.34615871298557,0.630064060621256,0.64750971417278,0.5460938305979,0.5460938305979,0.540863420585,0.540863420585,0.5460938305979,0.5460938305979,FALSE,Stable,EDS_ML,Peri_BL_139,MSRSUM_GOOD,MSR_139,G_AVG,-,N,N,PERI,BL,BL_3
ML_MSR_140,-0.00204724022690839,0.00416209689234189,0.594042716493808,0.759859057645777,0.0104526778072449,0.0104526778072449,0.0094625733293832,0.0094625733293832,0.0104526778072449,0.0104526778072449,FALSE,Stable,EDS_ML,Peri_BL_140,MSRSUM_GOOD,MSR_140,G_AVG,-,N,D,PERI,BL,BL_3
ML_MSR_141,0.00187575471698116,0.348879045172031,0.631084060952985,0.620054820341972,0.549852724740106,0.549852724740106,0.553180013006474,0.553180013006474,0.549852724740106,0.549852724740106,FALSE,Stable,EDS_ML,Peri_BL_141,MSRSUM_GOOD,MSR_141,G_AVG,-,N,D,PERI,BL,BL_3
ML_MSR_142,-0.00228682821556292,0.00488730588235292,1.0409912541028,1.04539677427096,0.00689163724444452,0.00689163724444452,0.00688154228373826,0.00688154228373826,0.00689163724444452,0.00689163724444452,FALSE,Stable,EDS_ML,Peri_BL_142,MSRSUM_GOOD,MSR_142,G_AVG,-,N,D,PERI,BL,BL_3
ML_MSR_143,-5.84733629300744e-05,0.000397274694783517,0.780482269479251,0.775188942423783,0.000583931340320739,0.000583931340320739,0.000585302376345224,0.000585302376345224,0.000583931340320739,0.000583931340320739,FALSE,Stable,EDS_ML,Peri_BL_143,MSRSUM_GOOD,MSR_143,G_AVG,-,N,D,PERI,BL,BL_3
ML_MSR_144,-0.000586012023677388,0.00109687602663705,0.749893315955035,0.741120118743615,0.00224416995659066,0.00224416995659066,0.00225326003987537,0.00225326003987537,0.00224416995659066,0.00224416995659066,FALSE,Stable,EDS_ML,Peri_BL_144,MSRSUM_GOOD,MSR_144,G_AVG,-,N,D,PERI,BL,BL_3
ML_MSR_145,0.000480529596744365,-0.000720589900111027,0.923495530589967,0.926864311758916,-0.00130062296683566,0.00130062296683566,-0.0012989807638063,0.0012989807638063,-0.00130062296683566,0.00130062296683566,FALSE,Stable,EDS_ML,Peri_BL_145,MSRSUM_GOOD,MSR_145,G_AVG,-,N,D,PERI,BL,BL_3
ML_MSR_146,0.000666579602910295,0.349997307325195,0.780390624864172,0.789449982686139,0.447635730866304,0.447635730866304,0.445837400219339,0.445837400219339,0.447635730866304,0.447635730866304,FALSE,Stable,EDS_ML,Peri_BL_146,MSRSUM_GOOD,MSR_146,G_AVG,-,N,D,PERI,BL,BL_3
ML_MSR_147,-0.00272358447404119,0.00672354206437287,0.768031069586777,0.939935233259084,0.0123004483965693,0.0123004483965693,0.0113606230180243,0.0113606230180243,0.0123004483965693,0.0123004483965693,FALSE,Stable,EDS_ML,Peri_BL_147,MSRSUM_GOOD,MSR_147,G_AVG,-,N,D,PERI,BL,BL_3
ML_MSR_148,-0.00136377062523124,0.00495443251942284,0.92091369380351,1.05269817981264,0.00686079834317477,0.00686079834317477,0.00652327745867067,0.00652327745867067,0.00686079834317477,0.00686079834317477,FALSE,Stable,EDS_ML,Peri_BL_148,MSRSUM_GOOD,MSR_148,G_AVG,-,N,D,PERI,BL,BL_3
ML_MSR_149,-0.000509508694043873,0.00267616981132038,2.32321150741001,3.1309504475801,0.00137123912101991,0.00137123912101991,0.00121081153393332,0.00121081153393332,0.00137123912101991,0.00137123912101991,FALSE,Stable,EDS_ML,Peri_BL_149,MSRSUM_GOOD,MSR_149,G_AVG,-,N,D,PERI,BL,BL_3
ML_MSR_150,0.00413665599950672,-0.00368112164261932,1.43538410552421,1.42650750419972,-0.00544647081714126,0.00544647081714126,-0.00545813114891672,0.00545813114891672,-0.00544647081714126,0.00544647081714126,FALSE,Stable,EDS_ML,Cell_WLS_150,MSRSUM_GOOD,MSR_150,G_AVG,-,N,U,CELL,WLS,WLS_1
ML_MSR_151,0.00414055882352943,-0.00805251065482804,1.12358361170357,1.13028777927521,-0.0108519467099297,0.0108519467099297,-0.0108295356158711,0.0108295356158711,-0.0108519467099297,0.0108519467099297,FALSE,Stable,EDS_ML,Cell_WLS_151,MSRSUM_GOOD,MSR_151,G_AVG,-,N,U,CELL,WLS,WLS_1
ML_MSR_152,-0.00098341916389198,0.00321468435072142,0.37380021919678,0.514650631463573,0.0112308749407217,0.0112308749407217,0.00981240781077626,0.00981240781077626,0.0112308749407217,0.0112308749407217,FALSE,Stable,EDS_ML,Cell_WLS_152,MSRSUM_GOOD,MSR_152,G_AVG,-,N,U,CELL,WLS,WLS_1
ML_MSR_153,-0.000317565421136955,0.352597206770256,0.741026492189475,0.740660295461898,0.476251221665035,0.476251221665035,0.476332690234898,0.476332690234898,0.476251221665035,0.476251221665035,FALSE,Stable,EDS_ML,Cell_WLS_153,MSRSUM_GOOD,MSR_153,G_AVG,-,N,U,CELL,WLS,WLS_1
ML_MSR_154,0.000998098470834861,-0.000823292008879018,1.01944008232302,1.01021590106359,-0.00178665770681043,0.00178665770681043,-0.00179225456561483,0.00179225456561483,-0.00178665770681043,0.00178665770681043,FALSE,Stable,EDS_ML,Cell_WLS_154,MSRSUM_GOOD,MSR_154,G_AVG,-,N,U,CELL,WLS,WLS_1
ML_MSR_155,-0.000874179615242329,0.00169609234184238,0.795122997653499,1.06119814809062,0.00323254636662489,0.00323254636662489,0.00286793341185695,0.00286793341185695,0.00323254636662489,0.00323254636662489,FALSE,Stable,EDS_ML,Cell_WLS_155,MSRSUM_GOOD,MSR_155,G_AVG,-,N,U,CELL,WLS,WLS_1
ML_MSR_156,-0.00116916216549513,0.00225213829078802,0.395437112750489,0.5295625058781,0.00865194577333944,0.00865194577333944,0.00766336807580445,0.00766336807580445,0.00865194577333944,0.00865194577333944,FALSE,Stable,EDS_ML,Cell_WLS_156,MSRSUM_GOOD,MSR_156,G_AVG,-,N,U,CELL,WLS,WLS_1
ML_MSR_157,-0.00186505629547417,0.00185886759156488,1.18559807226707,1.18311866868465,0.00314096655025615,0.00314096655025615,0.00314324038689723,0.00314324038689723,0.00314096655025615,0.00314096655025615,FALSE,Stable,EDS_ML,Cell_WLS_157,MSRSUM_GOOD,MSR_157,G_AVG,-,N,U,CELL,WLS,WLS_1
ML_MSR_158,-0.00054097225305218,0.000176737069922185,1.3700276118821,1.37547125556815,0.000523864859912131,0.000523864859912131,0.000523144392883123,0.000523144392883123,0.000523864859912131,0.000523864859912131,FALSE,Stable,EDS_ML,Cell_WLS_158,MSRSUM_GOOD,MSR_158,G_AVG,-,N,U,CELL,WLS,WLS_1
ML_MSR_159,-0.00374776421260327,0.00755851675915649,0.832919574469434,0.845765352998066,0.0135742769389972,0.0135742769389972,0.0135018346903869,0.0135018346903869,0.0135742769389972,0.0135742769389972,FALSE,Stable,EDS_ML,Cell_WLS_159,MSRSUM_GOOD,MSR_159,G_AVG,-,N,U,CELL,WLS,WLS_1
ML_MSR_160,-0.00112088999876681,0.0044047470588234,0.479579484955044,0.721348323377496,0.0115218378411416,0.0115218378411416,0.00961160344756306,0.00961160344756306,0.0115218378411416,0.0115218378411416,FALSE,Stable,EDS_ML,Cell_WLS_160,MSRSUM_GOOD,MSR_160,G_AVG,-,N,N,CELL,WLS,WLS_1
ML_MSR_161,0.00396789887779008,-0.00292471387347395,1.11677490982977,1.1063822585873,-0.00617189076383768,0.00617189076383768,-0.0061917753933268,0.0061917753933268,-0.00617189076383768,0.00617189076383768,FALSE,Stable,EDS_ML,Cell_WLS_161,MSRSUM_GOOD,MSR_161,G_AVG,-,N,N,CELL,WLS,WLS_1
ML_MSR_162,-0.00203619928474527,0.00477904173140947,0.991553307581217,1.36469292514141,0.00687329764728409,0.00687329764728409,0.00600626259035666,0.00600626259035666,0.00687329764728409,0.00687329764728409,FALSE,Stable,EDS_ML,Cell_WLS_162,MSRSUM_GOOD,MSR_162,G_AVG,-,N,N,CELL,WLS,WLS_1
ML_MSR_163,0.00686862578616351,-0.0150078411764707,0.61209471507029,0.849619458758921,-0.0357403297627264,0.0357403297627264,-0.031098812568491,0.031098812568491,-0.0357403297627264,0.0357403297627264,FALSE,Stable,EDS_ML,Cell_WLS_163,MSRSUM_GOOD,MSR_163,G_AVG,-,N,N,CELL,WLS,WLS_1
ML_MSR_164,-0.00148082106301632,0.00166169134295215,0.959257922014126,0.963595733696004,0.00327598275067694,0.00327598275067694,0.00327085524260384,0.00327085524260384,0.00327598275067694,0.00327598275067694,FALSE,Stable,EDS_ML,Cell_WLS_164,MSRSUM_GOOD,MSR_164,G_AVG,-,N,N,CELL,WLS,WLS_1
ML_MSR_165,0.00150359742261685,-0.000633685127635901,1.07926323617295,1.08112590664589,-0.00198031627374942,0.00198031627374942,-0.00197913323855108,0.00197913323855108,-0.00198031627374942,0.00198031627374942,FALSE,Stable,EDS_ML,Cell_WLS_165,MSRSUM_GOOD,MSR_165,G_AVG,-,N,N,CELL,WLS,WLS_1
ML_MSR_166,-0.000736066346035159,0.00296800921198654,1.8244745681518,1.82189747847524,0.00203021495759951,0.00203021495759951,0.00203120764956799,0.00203120764956799,0.00203021495759951,0.00203021495759951,FALSE,Stable,EDS_ML,Cell_WLS_166,MSRSUM_GOOD,MSR_166,G_AVG,-,N,N,CELL,WLS,WLS_1
ML_MSR_167,0.00293297724750275,0.343935971032187,0.999726094071518,1.00695560708751,0.341096422116887,0.341096422116887,0.34024271485818,0.34024271485818,0.341096422116887,0.341096422116887,FALSE,Stable,EDS_ML,Cell_WLS_167,MSRSUM_GOOD,MSR_167,G_AVG,-,N,N,CELL,WLS,WLS_1
ML_MSR_168,0.00185709329140459,-0.00225987069922308,0.84575791066734,0.841150381169005,-0.00486778064822262,0.00486778064822262,-0.00487696111731754,0.00487696111731754,-0.00486778064822262,0.00486778064822262,FALSE,Stable,EDS_ML,Cell_WLS_168,MSRSUM_GOOD,MSR_168,G_AVG,-,N,N,CELL,WLS,WLS_1
ML_MSR_169,-0.00158853539277348,0.000425677802441705,0.653501374316245,0.652832232419456,0.00308218662481413,0.00308218662481413,0.00308327909165104,0.00308327909165104,0.00308218662481413,0.00308218662481413,FALSE,Stable,EDS_ML,Cell_WLS_169,MSRSUM_GOOD,MSR_169,G_AVG,-,N,N,CELL,WLS,WLS_1
ML_MSR_170,0.00177255012948576,-0.00584415049944507,0.611935730570903,0.842835727562145,-0.0124468963788482,0.0124468963788482,-0.0108727856931447,0.0108727856931447,-0.0124468963788482,0.0124468963788482,FALSE,Stable,EDS_ML,Cell_WLS_170,MSRSUM_GOOD,MSR_170,G_AVG,-,N,D,CELL,WLS,WLS_1
ML_MSR_171,0.00603522222222222,-0.0116329110987791,1.33536020747309,1.85896949872531,-0.0132309868319612,0.0132309868319612,-0.011495722614526,0.011495722614526,-0.0132309868319612,0.0132309868319612,FALSE,Stable,EDS_ML,Cell_WLS_171,MSRSUM_GOOD,MSR_171,G_AVG,-,N,D,CELL,WLS,WLS_1
ML_MSR_172,0.000269782957207984,0.000764706548279714,0.729594459935685,0.724668231726325,0.000678354371160327,0.000678354371160327,0.000679940033855977,0.000679940033855977,0.000678354371160327,0.000678354371160327,FALSE,Stable,EDS_ML,Cell_WLS_172,MSRSUM_GOOD,MSR_172,G_AVG,-,N,D,CELL,WLS,WLS_1
ML_MSR_173,-0.00186494857565673,0.00297601065482791,1.08560997712915,1.09702083405064,0.00445920665107217,0.00445920665107217,0.00444298582653349,0.00444298582653349,0.00445920665107217,0.00445920665107217,FALSE,Stable,EDS_ML,Cell_WLS_173,MSRSUM_GOOD,MSR_173,G_AVG,-,N,D,CELL,WLS,WLS_1
ML_MSR_174,-0.000501121223332085,0.352906325860155,1.06812677186581,1.06536114905883,0.330866575384263,0.330866575384263,0.331163135804823,0.331163135804823,0.330866575384263,0.330866575384263,FALSE,Stable,EDS_ML,Cell_WLS_174,MSRSUM_GOOD,MSR_174,G_AVG,-,N,D,CELL,WLS,WLS_1
ML_MSR_175,0.00341543834011593,-0.00665267702552718,0.855591890228819,0.808978159043699,-0.0117674272987212,0.0117674272987212,-0.0119894308469351,0.0119894308469351,-0.0117674272987212,0.0117674272987212,FALSE,Stable,EDS_ML,Cell_WLS_175,MSRSUM_GOOD,MSR_175,G_AVG,-,N,D,CELL,WLS,WLS_2
ML_MSR_176,-0.000509477370822751,0.352992829078801,1.089061440634,1.09468592199023,0.324593538307474,0.324593538307474,0.324013317285731,0.324013317285731,0.324593538307474,0.324593538307474,FALSE,Stable,EDS_ML,Cell_WLS_176,MSRSUM_GOOD,MSR_176,G_AVG,-,N,D,CELL,WLS,WLS_2
ML_MSR_177,-0.00676037452213587,0.0140573677025527,0.848218069090477,0.890164018422794,0.024542912941021,0.024542912941021,0.0241234069492687,0.0241234069492687,0.024542912941021,0.024542912941021,FALSE,Stable,EDS_ML,Cell_WLS_177,MSRSUM_GOOD,MSR_177,G_AVG,-,N,D,CELL,WLS,WLS_2
ML_MSR_178,0.112495458872857,0.114374771809101,0.476531366659735,0.613222703332094,0.00394373396533486,0.00394373396533486,0.00356019118332056,0.00356019118332056,0.00394373396533486,0.00394373396533486,FALSE,Stable,EDS_ML,Cell_WLS_178,MSRSUM_GOOD,MSR_178,G_AVG,-,N,D,CELL,WLS,WLS_2
ML_MSR_179,0.00178920335429768,-0.00331463418423973,0.565652462340536,0.552843751272802,-0.00902292110144617,0.00902292110144617,-0.00909366867477123,0.00909366867477123,-0.00902292110144617,0.00902292110144617,FALSE,Stable,EDS_ML,Cell_WLS_179,MSRSUM_GOOD,MSR_179,G_AVG,-,N,D,CELL,WLS,WLS_2
ML_MSR_180,0.00055089474657787,0.00198590099889006,0.816491928097898,0.836397004570118,0.00175752656325114,0.00175752656325114,0.00174270399381493,0.00174270399381493,0.00175752656325114,0.00175752656325114,FALSE,Stable,EDS_ML,Cell_WLS_180,MSRSUM_GOOD,MSR_180,G_AVG,-,N,U,CELL,WLS,WLS_2
ML_MSR_181,0.00154220181280061,-0.00349790210876804,0.388931295314719,0.409601103154499,-0.0129588541274115,0.0129588541274115,-0.0127208446053299,0.0127208446053299,-0.0129588541274115,0.0129588541274115,FALSE,Stable,EDS_ML,Cell_WLS_181,MSRSUM_GOOD,MSR_181,G_AVG,-,N,U,CELL,WLS,WLS_2
ML_MSR_182,-0.000213750339129284,3.58028856826242e-05,0.81338794843986,0.809265609201753,0.000306807133411025,0.000306807133411025,0.000307345428573505,0.000307345428573505,0.000306807133411025,0.000306807133411025,FALSE,Stable,EDS_ML,Cell_WLS_182,MSRSUM_GOOD,MSR_182,G_AVG,-,N,U,CELL,WLS,WLS_2
ML_MSR_183,-0.000498298557158755,0.350281543840177,1.45741988731246,1.45547082661674,0.240685505564349,0.240685505564349,0.240796927518054,0.240796927518054,0.240685505564349,0.240685505564349,FALSE,Stable,EDS_ML,Cell_WLS_183,MSRSUM_GOOD,MSR_183,G_AVG,-,N,U,CELL,WLS,WLS_2
ML_MSR_184,0.00214306110494505,-0.00240862918978918,0.667962582823087,0.640459525780774,-0.00681428932066359,0.00681428932066359,-0.00691145132228927,0.00691145132228927,-0.00681428932066359,0.00681428932066359,FALSE,Stable,EDS_ML,Cell_WLS_184,MSRSUM_GOOD,MSR_184,G_AVG,-,N,U,CELL,WLS,WLS_2
ML_MSR_185,0.00329529380934763,-0.00609524483906771,0.62358167913608,0.659659560539503,-0.0150590355082676,0.0150590355082676,-0.0147579968887888,0.0147579968887888,-0.0150590355082676,0.0150590355082676,FALSE,Stable,EDS_ML,Cell_WLS_185,MSRSUM_GOOD,MSR_185,G_AVG,-,N,U,CELL,WLS,WLS_2
ML_MSR_186,-0.00234566241213475,0.00536502530521652,1.03940742524821,1.40342192733102,0.00741834965774843,0.00741834965774843,0.00654441394847741,0.00654441394847741,0.00741834965774843,0.00741834965774843,FALSE,Stable,EDS_ML,Cell_WLS_186,MSRSUM_GOOD,MSR_186,G_AVG,-,N,U,CELL,WLS,WLS_2
ML_MSR_187,0.00022005364409913,0.00133925582685907,0.628246674283745,0.857466385741151,0.00178146933135129,0.00178146933135129,0.00156325014852815,0.00156325014852815,0.00178146933135129,0.00178146933135129,FALSE,Stable,EDS_ML,Cell_WLS_187,MSRSUM_GOOD,MSR_187,G_AVG,-,N,U,CELL,WLS,WLS_2
ML_MSR_188,0.115093283820446,0.10591122563818,0.692760177785067,0.587989661375518,-0.0132543100436627,0.0132543100436627,-0.0139463796502547,0.0139463796502547,-0.0132543100436627,0.0132543100436627,FALSE,Stable,EDS_ML,Cell_WLS_188,MSRSUM_GOOD,MSR_188,G_AVG,-,N,U,CELL,WLS,WLS_2
ML_MSR_189,-0.000200304044888397,-0.0022812130965594,0.693310345203805,0.712901881260329,-0.00300141064685728,0.00300141064685728,-0.0029720730567929,0.0029720730567929,-0.00300141064685728,0.00300141064685728,FALSE,Stable,EDS_ML,Cell_WLS_189,MSRSUM_GOOD,MSR_189,G_AVG,-,N,U,CELL,WLS,WLS_2
ML_MSR_190,0.000483445246022917,-0.00144863873473916,0.458668600202608,0.625839888482971,-0.00421237464240766,0.00421237464240766,-0.00369690270830827,0.00369690270830827,-0.00421237464240766,0.00421237464240766,FALSE,Stable,EDS_ML,Cell_WLS_190,MSRSUM_GOOD,MSR_190,G_AVG,-,N,N,CELL,WLS,WLS_2
ML_MSR_191,-0.000600278579356296,0.000455204772475124,0.947919460032118,0.963860891727818,0.00111347366135479,0.00111347366135479,0.00110699421634097,0.00110699421634097,0.00111347366135479,0.00111347366135479,FALSE,Stable,EDS_ML,Cell_WLS_191,MSRSUM_GOOD,MSR_191,G_AVG,-,N,N,CELL,WLS,WLS_2
ML_MSR_192,-0.00266305931680846,0.00385538290788016,0.598301188570405,0.606856163409491,0.0108949177257427,0.0108949177257427,0.010841009726499,0.010841009726499,0.0108949177257427,0.0108949177257427,FALSE,Stable,EDS_ML,Cell_WLS_192,MSRSUM_GOOD,MSR_192,G_AVG,-,N,N,CELL,WLS,WLS_2
ML_MSR_193,0.00462632340609196,0.341038655493896,0.64963889643683,0.637028587327771,0.517845119701074,0.517845119701074,0.521325674492039,0.521325674492039,0.517845119701074,0.517845119701074,FALSE,Stable,EDS_ML,Cell_WLS_193,MSRSUM_GOOD,MSR_193,G_AVG,-,N,N,CELL,WLS,WLS_2
ML_MSR_194,-0.000105920458749517,0.00290834572697,1.46351341650606,1.47174033926374,0.0020596095339636,0.0020596095339636,0.00205560229897031,0.00205560229897031,0.0020596095339636,0.0020596095339636,FALSE,Stable,EDS_ML,Cell_WLS_194,MSRSUM_GOOD,MSR_194,G_AVG,-,N,N,CELL,WLS,WLS_2
ML_MSR_195,-0.000295384387717378,0.00319951964483905,0.91880326101155,1.06734330393525,0.00380375667007183,0.00380375667007183,0.00359265623714201,0.00359265623714201,0.00380375667007183,0.00380375667007183,FALSE,Stable,EDS_ML,Cell_WLS_195,MSRSUM_GOOD,MSR_195,G_AVG,-,N,N,CELL,WLS,WLS_2
ML_MSR_196,-0.00092543975829326,0.350794966370699,0.640334355891625,0.643289908536573,0.549276175630533,0.549276175630533,0.54839866731206,0.54839866731206,0.549276175630533,0.549276175630533,FALSE,Stable,EDS_ML,Cell_WLS_196,MSRSUM_GOOD,MSR_196,G_AVG,-,N,N,CELL,WLS,WLS_2
ML_MSR_197,0.115043946232581,0.109277581354051,0.452744235741735,0.621006758091932,-0.0127364733182813,0.0127364733182813,-0.0111487424968638,0.0111487424968638,-0.0127364733182813,0.0127364733182813,FALSE,Stable,EDS_ML,Cell_WLS_197,MSRSUM_GOOD,MSR_197,G_AVG,-,N,N,CELL,WLS,WLS_2
ML_MSR_198,-0.00250885041312125,0.00576903562708114,1.03818602990272,1.04035628802316,0.00797341305100983,0.00797341305100983,0.00796764363629607,0.00796764363629607,0.00797341305100983,0.00797341305100983,FALSE,Stable,EDS_ML,Cell_WLS_198,MSRSUM_GOOD,MSR_198,G_AVG,-,N,N,CELL,WLS,WLS_2
ML_MSR_199,-0.00295750203477617,0.00447494617092118,0.830749635183812,0.823266813911368,0.00894667646053536,0.00894667646053536,0.00897457577581361,0.00897457577581361,0.00894667646053536,0.00894667646053536,FALSE,Stable,EDS_ML,Cell_WLS_199,MSRSUM_GOOD,MSR_199,G_AVG,-,N,N,CELL,WLS,WLS_2
ML_MSR_200,-0.00168118855592556,0.00150283951165374,0.833067999104554,0.833693594127776,0.00382205062612144,0.00382205062612144,0.00382105711643849,0.00382105711643849,0.00382205062612144,0.00382205062612144,FALSE,Stable,EDS_ML,Cell_TCMC_200,MSRSUM_GOOD,MSR_200,G_AVG,-,N,D,CELL,TCMC,TCMC_1
ML_MSR_201,-0.00274243753853744,0.00663064950055495,0.612824648735625,0.812173100347662,0.0152948923618377,0.0152948923618377,0.0136158747980789,0.0136158747980789,0.0152948923618377,0.0152948923618377,FALSE,Stable,EDS_ML,Cell_TCMC_201,MSRSUM_GOOD,MSR_201,G_AVG,-,N,D,CELL,TCMC,TCMC_1
ML_MSR_202,-0.00286606116660501,0.352951163041064,0.902392906803402,0.893081140101124,0.394304101378745,0.394304101378745,0.395712782908964,0.395712782908964,0.394304101378745,0.394304101378745,FALSE,Stable,EDS_ML,Cell_TCMC_202,MSRSUM_GOOD,MSR_202,G_AVG,-,N,D,CELL,TCMC,TCMC_1
ML_MSR_203,-0.00281491626587742,0.350212895671476,0.594707925639647,0.567738881857482,0.593615448386112,0.593615448386112,0.602937533256183,0.602937533256183,0.593615448386112,0.593615448386112,FALSE,Stable,EDS_ML,Cell_TCMC_203,MSRSUM_GOOD,MSR_203,G_AVG,-,N,D,CELL,TCMC,TCMC_1
ML_MSR_204,0.00140942970773214,-0.00381502308546061,0.747853866672955,0.747686347562613,-0.00698592736631188,0.00698592736631188,-0.00698646904619593,0.00698646904619593,-0.00698592736631188,0.00698592736631188,FALSE,Stable,EDS_ML,Cell_TCMC_204,MSRSUM_GOOD,MSR_204,G_AVG,-,N,D,CELL,TCMC,TCMC_1
ML_MSR_205,-0.00174485719570849,0.351624247169811,0.965718202878517,0.972299654401585,0.365913268810956,0.365913268810956,0.365050176486969,0.365050176486969,0.365913268810956,0.365913268810956,FALSE,Stable,EDS_ML,Cell_TCMC_205,MSRSUM_GOOD,MSR_205,G_AVG,-,N,D,CELL,TCMC,TCMC_1
ML_MSR_206,-0.00284105752867185,0.00673876004439512,0.43993369636614,0.610227055860832,0.0217755940320017,0.0217755940320017,0.0189542890396359,0.0189542890396359,0.0217755940320017,0.0217755940320017,FALSE,Stable,EDS_ML,Cell_TCMC_206,MSRSUM_GOOD,MSR_206,G_AVG,-,N,D,CELL,TCMC,TCMC_1
ML_MSR_207,-0.000281240781847318,0.348835940066592,0.518816503051863,0.501657983862438,0.672910708882251,0.672910708882251,0.680617299209568,0.680617299209568,0.672910708882251,0.672910708882251,FALSE,Stable,EDS_ML,Cell_TCMC_207,MSRSUM_GOOD,MSR_207,G_AVG,-,N,D,CELL,TCMC,TCMC_1
ML_MSR_208,0.000100462264150985,-0.00050420832408431,0.803798220773753,0.815057496909423,-0.000752266641811207,0.000752266641811207,-0.000748620203838479,0.000748620203838479,-0.000752266641811207,0.000752266641811207,FALSE,Stable,EDS_ML,Cell_TCMC_208,MSRSUM_GOOD,MSR_208,G_AVG,-,N,D,CELL,TCMC,TCMC_1
ML_MSR_209,0.114247433592306,0.114660629633741,0.58416792679358,0.513495278924818,0.000707324080086139,0.000707324080086139,0.000736911481626195,0.000736911481626195,0.000707324080086139,0.000707324080086139,FALSE,Stable,EDS_ML,Cell_TCMC_209,MSRSUM_GOOD,MSR_209,G_AVG,-,N,D,CELL,TCMC,TCMC_1
ML_MSR_210,1.62188309285087e-05,0.350152444728079,0.966419435543069,0.952941285123043,0.36230255003139,0.36230255003139,0.364052005707572,0.364052005707572,0.36230255003139,0.36230255003139,FALSE,Stable,EDS_ML,Cell_TCMC_210,MSRSUM_GOOD,MSR_210,G_AVG,-,N,U,CELL,TCMC,TCMC_1
ML_MSR_211,0.00693287532371444,-0.0175971681465039,0.819168786186942,1.09502501626059,-0.029945041710391,0.029945041710391,-0.0265469607681537,0.0265469607681537,-0.029945041710391,0.029945041710391,FALSE,Stable,EDS_ML,Cell_TCMC_211,MSRSUM_GOOD,MSR_211,G_AVG,-,N,U,CELL,TCMC,TCMC_1
ML_MSR_212,-0.00131127598964113,0.353897503551609,0.538406572761542,0.539232118699635,0.659740793503594,0.659740793503594,0.659390638479893,0.659390638479893,0.659740793503594,0.659740793503594,FALSE,Stable,EDS_ML,Cell_TCMC_212,MSRSUM_GOOD,MSR_212,G_AVG,-,N,U,CELL,TCMC,TCMC_1
ML_MSR_213,0.00113918935750394,0.00267862963374047,0.991109485132965,1.17503153537762,0.00155324946368565,0.00155324946368565,0.00145450052150105,0.00145450052150105,0.00155324946368565,0.00155324946368565,FALSE,Stable,EDS_ML,Cell_TCMC_213,MSRSUM_GOOD,MSR_213,G_AVG,-,N,U,CELL,TCMC,TCMC_1
ML_MSR_214,-0.000561389875447033,-0.00217247158712544,0.763553515640018,0.951410206185094,-0.00210997877513272,0.00210997877513272,-0.0019331741598663,0.0019331741598663,-0.00210997877513272,0.00210997877513272,FALSE,Stable,EDS_ML,Cell_TCMC_214,MSRSUM_GOOD,MSR_214,G_AVG,-,N,U,CELL,TCMC,TCMC_1
ML_MSR_215,-0.00345543353064503,0.00365475382907881,0.62622586302804,0.618134231392795,0.0113540301982154,0.0113540301982154,0.0114048246360759,0.0114048246360759,0.0113540301982154,0.0113540301982154,FALSE,Stable,EDS_ML,Cell_TCMC_215,MSRSUM_GOOD,MSR_215,G_AVG,-,N,U,CELL,TCMC,TCMC_1
ML_MSR_216,0.000815917129115797,-0.000815690122086574,0.860835710333718,0.858109122451575,-0.00189537589067936,0.00189537589067936,-0.00189745409973378,0.00189745409973378,-0.00189537589067936,0.00189537589067936,FALSE,Stable,EDS_ML,Cell_TCMC_216,MSRSUM_GOOD,MSR_216,G_AVG,-,N,U,CELL,TCMC,TCMC_1
ML_MSR_217,-0.0058523208163768,0.014901497336293,0.563102703699142,0.787919477868668,0.0368561862984027,0.0368561862984027,0.0319394299814264,0.0319394299814264,0.0368561862984027,0.0368561862984027,FALSE,Stable,EDS_ML,Cell_TCMC_217,MSRSUM_GOOD,MSR_217,G_AVG,-,N,U,CELL,TCMC,TCMC_1
ML_MSR_218,7.93333949932578e-05,0.349428230521642,0.960987599975057,0.958836411235504,0.363531118544835,0.363531118544835,0.363812820397267,0.363812820397267,0.363531118544835,0.363531118544835,FALSE,Stable,EDS_ML,Cell_TCMC_218,MSRSUM_GOOD,MSR_218,G_AVG,-,N,U,CELL,TCMC,TCMC_1
ML_MSR_219,-0.00063883333333336,0.352261362153162,0.668175816791058,0.655846969647107,0.528154696141673,0.528154696141673,0.53152899270774,0.53152899270774,0.528154696141673,0.528154696141673,FALSE,Stable,EDS_ML,Cell_TCMC_219,MSRSUM_GOOD,MSR_219,G_AVG,-,N,U,CELL,TCMC,TCMC_1
ML_MSR_220,-0.000426019176223951,0.0010249852386237,0.529542009673493,0.53570900034917,0.00274011199931487,0.00274011199931487,0.00272906866485725,0.00272906866485725,0.00274011199931487,0.00274011199931487,FALSE,Stable,EDS_ML,Cell_TCMC_220,MSRSUM_GOOD,MSR_220,G_AVG,-,N,N,CELL,TCMC,TCMC_1
ML_MSR_221,-0.00579139776791217,0.00650464361820208,0.802755968198452,0.796341602946544,0.0153172842971309,0.0153172842971309,0.0153596565627745,0.0153596565627745,0.0153172842971309,0.0153172842971309,FALSE,Stable,EDS_ML,Cell_TCMC_221,MSRSUM_GOOD,MSR_221,G_AVG,-,N,N,CELL,TCMC,TCMC_1
ML_MSR_222,-0.0021657485509927,0.00476303540510544,0.719098924658937,0.666731216471399,0.00963536965290889,0.00963536965290889,0.00987830531758582,0.00987830531758582,0.00963536965290889,0.00963536965290889,FALSE,Stable,EDS_ML,Cell_TCMC_222,MSRSUM_GOOD,MSR_222,G_AVG,-,N,N,CELL,TCMC,TCMC_1
ML_MSR_223,0.00413264607226538,-0.00405217103218645,0.523297982283252,0.515098640273142,-0.015640834441478,0.015640834441478,-0.0157256872491234,0.0157256872491234,-0.015640834441478,0.015640834441478,FALSE,Stable,EDS_ML,Cell_TCMC_223,MSRSUM_GOOD,MSR_223,G_AVG,-,N,N,CELL,TCMC,TCMC_1
ML_MSR_224,0.00200618985078303,-0.00577702364039956,1.09231770886972,1.06718844044448,-0.00712541179913332,0.00712541179913332,-0.00718217291046503,0.00718217291046503,-0.00712541179913332,0.00712541179913332,FALSE,Stable,EDS_ML,Cell_TCMC_224,MSRSUM_GOOD,MSR_224,G_AVG,-,N,N,CELL,TCMC,TCMC_1
ML_MSR_225,0.00123768140337895,0.00333959977802444,0.597626290589852,0.811724712442891,0.0035171116260145,0.0035171116260145,0.0030937151185894,0.0030937151185894,0.0035171116260145,0.0035171116260145,FALSE,Stable,EDS_ML,Cell_TCMC_225,MSRSUM_GOOD,MSR_225,G_AVG,-,N,N,CELL,TCMC,TCMC_2
ML_MSR_226,0.00098244561598225,0.00215451720310768,0.64778431137309,0.668500052369563,0.00180935469808001,0.00180935469808001,0.00178934225705012,0.00178934225705012,0.00180935469808001,0.00180935469808001,FALSE,Stable,EDS_ML,Cell_TCMC_226,MSRSUM_GOOD,MSR_226,G_AVG,-,N,N,CELL,TCMC,TCMC_2
ML_MSR_227,0.00122638272290048,-0.00200462952275252,0.499380428961562,0.499018108328759,-0.00647004179233004,0.00647004179233004,-0.00647166675655791,0.00647166675655791,-0.00647004179233004,0.00647004179233004,FALSE,Stable,EDS_ML,Cell_TCMC_227,MSRSUM_GOOD,MSR_227,G_AVG,-,N,N,CELL,TCMC,TCMC_2
ML_MSR_228,-0.00237926143790849,0.00114323274139845,0.947090835283684,1.29236672204049,0.00371927807563657,0.00371927807563657,0.00326403523222513,0.00326403523222513,0.00371927807563657,0.00371927807563657,FALSE,Stable,EDS_ML,Cell_TCMC_228,MSRSUM_GOOD,MSR_228,G_AVG,-,N,N,CELL,TCMC,TCMC_2
ML_MSR_229,0.000417572450363789,-0.0038572235294118,0.521617529958991,0.668808432817975,-0.00819526901274131,0.00819526901274131,-0.00741078595054235,0.00741078595054235,-0.00819526901274131,0.00819526901274131,FALSE,Stable,EDS_ML,Cell_TCMC_229,MSRSUM_GOOD,MSR_229,G_AVG,-,N,N,CELL,TCMC,TCMC_2
ML_MSR_230,-0.00305577592798123,0.00670276126526075,0.900696093748928,0.908238671383017,0.0108344393419366,0.0108344393419366,0.0108030385564345,0.0108030385564345,0.0108344393419366,0.0108344393419366,FALSE,Stable,EDS_ML,Cell_TCMC_230,MSRSUM_GOOD,MSR_230,G_AVG,-,N,D,CELL,TCMC,TCMC_2
ML_MSR_231,-0.000546247872734018,-0.000150139844617095,0.456557440619724,0.466524011247373,0.000867597355503069,0.000867597355503069,0.000861044803381711,0.000861044803381711,0.000867597355503069,0.000867597355503069,FALSE,Stable,EDS_ML,Cell_TCMC_231,MSRSUM_GOOD,MSR_231,G_AVG,-,N,D,CELL,TCMC,TCMC_2
ML_MSR_232,-0.00253042409668265,0.00219132752497223,0.747733419076048,0.757071425461822,0.00631475269286399,0.00631475269286399,0.0062874620476501,0.0062874620476501,0.00631475269286399,0.00631475269286399,FALSE,Stable,EDS_ML,Cell_TCMC_232,MSRSUM_GOOD,MSR_232,G_AVG,-,N,D,CELL,TCMC,TCMC_2
ML_MSR_233,-0.0013524120113454,0.00495037036625969,0.73170948514878,0.920799779346265,0.00861377705978969,0.00861377705978969,0.00785664070058292,0.00785664070058292,0.00861377705978969,0.00861377705978969,FALSE,Stable,EDS_ML,Cell_TCMC_233,MSRSUM_GOOD,MSR_233,G_AVG,-,N,D,CELL,TCMC,TCMC_2
ML_MSR_234,0.00123618682944872,0.347662971587126,0.524030295749607,0.521476615100986,0.661081596937304,0.661081596937304,0.662196848510023,0.662196848510023,0.661081596937304,0.661081596937304,FALSE,Stable,EDS_ML,Cell_TCMC_234,MSRSUM_GOOD,MSR_234,G_AVG,-,N,D,CELL,TCMC,TCMC_2
ML_MSR_235,0.0019717974472808,0.347038193340732,0.520857098560656,0.536411942183452,0.662497250871713,0.662497250871713,0.655653924384542,0.655653924384542,0.662497250871713,0.662497250871713,FALSE,Stable,EDS_ML,Cell_TCMC_235,MSRSUM_GOOD,MSR_235,G_AVG,-,N,D,CELL,TCMC,TCMC_2
ML_MSR_236,-0.00191578357380688,0.00431598701442844,0.745192511390804,0.725248207330316,0.00836263179376902,0.00836263179376902,0.00844013444306237,0.00844013444306237,0.00836263179376902,0.00836263179376902,FALSE,Stable,EDS_ML,Cell_TCMC_236,MSRSUM_GOOD,MSR_236,G_AVG,-,N,D,CELL,TCMC,TCMC_2
ML_MSR_237,0.00350010741151811,1.1005216426228e-05,0.710841711628971,0.916713176446563,-0.00490840947852683,0.00490840947852683,-0.00442659466398048,0.00442659466398048,-0.00490840947852683,0.00490840947852683,FALSE,Stable,EDS_ML,Cell_TCMC_237,MSRSUM_GOOD,MSR_237,G_AVG,-,N,D,CELL,TCMC,TCMC_2
ML_MSR_238,0.0019806099395733,-0.00584678990011097,0.650764449044518,0.661232452967371,-0.012028007754844,0.012028007754844,-0.0119610587528601,0.0119610587528601,-0.012028007754844,0.012028007754844,FALSE,Stable,EDS_ML,Cell_TCMC_238,MSRSUM_GOOD,MSR_238,G_AVG,-,N,D,CELL,TCMC,TCMC_2
ML_MSR_239,-0.00239026217782711,0.00498125327413982,0.556703992543713,0.562732804706973,0.0132413554612474,0.0132413554612474,0.0131917296690811,0.0131917296690811,0.0132413554612474,0.0132413554612474,FALSE,Stable,EDS_ML,Cell_TCMC_239,MSRSUM_GOOD,MSR_239,G_AVG,-,N,D,CELL,TCMC,TCMC_2
ML_MSR_240,0.000281150635096812,-0.00268518923418423,0.572842578742663,0.58458770447086,-0.00517828104850705,0.00517828104850705,-0.00514154721301132,0.00514154721301132,-0.00517828104850705,0.00517828104850705,FALSE,Stable,EDS_ML,Cell_TCMC_240,MSRSUM_GOOD,MSR_240,G_AVG,-,N,U,CELL,TCMC,TCMC_2
ML_MSR_241,0.000589914416080882,0.350981041620423,0.910410038658293,0.903843521847788,0.384871774613478,0.384871774613478,0.385832808046305,0.385832808046305,0.384871774613478,0.384871774613478,FALSE,Stable,EDS_ML,Cell_TCMC_241,MSRSUM_GOOD,MSR_241,G_AVG,-,N,U,CELL,TCMC,TCMC_2
ML_MSR_242,-0.000432305833025021,0.00684963251942284,0.524494405433403,0.734471461445152,0.0138837293153406,0.0138837293153406,0.0120267939186812,0.0120267939186812,0.0138837293153406,0.0138837293153406,FALSE,Stable,EDS_ML,Cell_TCMC_242,MSRSUM_GOOD,MSR_242,G_AVG,-,N,U,CELL,TCMC,TCMC_2
ML_MSR_243,0.00258079165125169,-0.00816564739178683,0.888006269176615,1.2190671549929,-0.0121017603321685,0.0121017603321685,-0.0105886703477753,0.0105886703477753,-0.0121017603321685,0.0121017603321685,FALSE,Stable,EDS_ML,Cell_TCMC_243,MSRSUM_GOOD,MSR_243,G_AVG,-,N,U,CELL,TCMC,TCMC_2
ML_MSR_244,0.00108934184239731,-0.00302958401775775,1.84727999648443,1.85888318954285,-0.00222972471308833,0.00222972471308833,-0.00222487731165278,0.00222487731165278,-0.00222972471308833,0.00222972471308833,FALSE,Stable,EDS_ML,Cell_TCMC_244,MSRSUM_GOOD,MSR_244,G_AVG,-,N,U,CELL,TCMC,TCMC_2
ML_MSR_245,0.0019783756320138,-0.00109670244173146,0.712237268720031,0.706725825592496,-0.00431749110696147,0.00431749110696147,-0.00432905755822083,0.00432905755822083,-0.00431749110696147,0.00431749110696147,FALSE,Stable,EDS_ML,Cell_TCMC_245,MSRSUM_GOOD,MSR_245,G_AVG,-,N,U,CELL,TCMC,TCMC_2
ML_MSR_246,-0.000418567640892831,0.00152177502774691,0.545641282067816,0.539645362715111,0.00355607746775763,0.00355607746775763,0.00356960657394974,0.00356960657394974,0.00355607746775763,0.00355607746775763,FALSE,Stable,EDS_ML,Cell_TCMC_246,MSRSUM_GOOD,MSR_246,G_AVG,-,N,U,CELL,TCMC,TCMC_2
ML_MSR_247,-0.000872414107781485,0.00104387436182025,0.867382102546222,1.1754547390591,0.00220927831457028,0.00220927831457028,0.00194549467901642,0.00194549467901642,0.00220927831457028,0.00220927831457028,FALSE,Stable,EDS_ML,Cell_TCMC_247,MSRSUM_GOOD,MSR_247,G_AVG,-,N,U,CELL,TCMC,TCMC_2
ML_MSR_248,0.00131936884942657,0.349708807547171,0.714386972154515,0.730678811789882,0.487676080720004,0.487676080720004,0.483828411089664,0.483828411089664,0.487676080720004,0.487676080720004,FALSE,Stable,EDS_ML,Cell_TCMC_248,MSRSUM_GOOD,MSR_248,G_AVG,-,N,U,CELL,TCMC,TCMC_2
ML_MSR_249,-0.00141667517573068,0.00235666614872353,0.801560344908011,0.831274429235578,0.00470749501073092,0.00470749501073092,0.00464714918115635,0.00464714918115635,0.00470749501073092,0.00470749501073092,FALSE,Stable,EDS_ML,Cell_TCMC_249,MSRSUM_GOOD,MSR_249,G_AVG,-,N,U,CELL,TCMC,TCMC_2
ML_MSR_250,0.00396340825009247,-0.00444157491675914,1.27382659579578,1.27850325200038,-0.00659821611088351,0.00659821611088351,-0.00658983138472274,0.00658983138472274,-0.00659821611088351,0.00659821611088351,FALSE,Stable,EDS_ML,Cell_WTC_250,MSRSUM_GOOD,MSR_250,G_AVG,-,N,N,CELL,WTC,WTC_1
ML_MSR_251,-0.00419214927857938,0.00502815715871252,1.37282810822346,1.36452656501446,0.0067162861701773,0.0067162861701773,0.00673034625767464,0.00673034625767464,0.0067162861701773,0.0067162861701773,FALSE,Stable,EDS_ML,Cell_WTC_251,MSRSUM_GOOD,MSR_251,G_AVG,-,N,N,CELL,WTC,WTC_1
ML_MSR_252,0.003508316931804,-0.00441147413984456,1.31547390665308,1.31220372225223,-0.00602048511307889,0.00602048511307889,-0.00602566608005452,0.00602566608005452,-0.00602048511307889,0.00602048511307889,FALSE,Stable,EDS_ML,Cell_WTC_252,MSRSUM_GOOD,MSR_252,G_AVG,-,N,N,CELL,WTC,WTC_1
ML_MSR_253,0.0023690799728696,-0.00349766714761389,1.19969534006078,1.19949650043864,-0.0048901974731237,0.0048901974731237,-0.00489047803515499,0.00489047803515499,-0.0048901974731237,0.0048901974731237,FALSE,Stable,EDS_ML,Cell_WTC_253,MSRSUM_GOOD,MSR_253,G_AVG,-,N,N,CELL,WTC,WTC_1
ML_MSR_254,0.00259316999630036,-0.010190371254162,0.738899379436196,0.930267433607307,-0.0173007876393354,0.0173007876393354,-0.0157768296512975,0.0157768296512975,-0.0173007876393354,0.0173007876393354,FALSE,Stable,EDS_ML,Cell_WTC_254,MSRSUM_GOOD,MSR_254,G_AVG,-,N,N,CELL,WTC,WTC_1
ML_MSR_255,0.00281014749044283,-0.00153210499445067,0.857900787472265,1.0461944270658,-0.00506148560335001,0.00506148560335001,-0.00468209917646661,0.00468209917646661,-0.00506148560335001,0.00506148560335001,FALSE,Stable,EDS_ML,Cell_WTC_255,MSRSUM_GOOD,MSR_255,G_AVG,-,N,N,CELL,WTC,WTC_1
ML_MSR_256,-0.00226898711308423,0.350272306881243,0.727415283094673,0.713908168330706,0.484649281074349,0.484649281074349,0.487765289963125,0.487765289963125,0.484649281074349,0.484649281074349,FALSE,Stable,EDS_ML,Cell_WTC_256,MSRSUM_GOOD,MSR_256,G_AVG,-,N,N,CELL,WTC,WTC_1
ML_MSR_257,-0.000153547354790904,-0.00264298013318527,0.672257898414615,0.904807356685539,-0.00370309190009547,0.00370309190009547,-0.00327194289964259,0.00327194289964259,-0.00370309190009547,0.00370309190009547,FALSE,Stable,EDS_ML,Cell_WTC_257,MSRSUM_GOOD,MSR_257,G_AVG,-,N,N,CELL,WTC,WTC_1
ML_MSR_258,-0.00293932433099021,0.00344642552719202,0.562052939079653,0.56653267339785,0.0113614740074818,0.0113614740074818,0.0113301334821027,0.0113301334821027,0.0113614740074818,0.0113614740074818,FALSE,Stable,EDS_ML,Cell_WTC_258,MSRSUM_GOOD,MSR_258,G_AVG,-,N,N,CELL,WTC,WTC_1
ML_MSR_259,0.00186545523492414,-0.00615778379578244,0.625529423925082,0.858925844602407,-0.0128263175541164,0.0128263175541164,-0.0112213924841697,0.0112213924841697,-0.0128263175541164,0.0128263175541164,FALSE,Stable,EDS_ML,Cell_WTC_259,MSRSUM_GOOD,MSR_259,G_AVG,-,N,N,CELL,WTC,WTC_1
ML_MSR_260,-0.00296446762856084,0.353603812541619,0.955715473786972,0.942241884248758,0.373090412314135,0.373090412314135,0.374911523857834,0.374911523857834,0.373090412314135,0.373090412314135,FALSE,Stable,EDS_ML,Cell_WTC_260,MSRSUM_GOOD,MSR_260,G_AVG,-,N,D,CELL,WTC,WTC_1
ML_MSR_261,0.00212812325810826,-0.00142971132075473,1.1034281643749,1.11744148172031,-0.00322434635414489,0.00322434635414489,-0.00321017581439607,0.00321017581439607,-0.00322434635414489,0.00322434635414489,FALSE,Stable,EDS_ML,Cell_WTC_261,MSRSUM_GOOD,MSR_261,G_AVG,-,N,D,CELL,WTC,WTC_1
ML_MSR_262,0.00345806135158464,-0.00542897358490565,0.628534047947082,0.84809988841113,-0.0141393055245251,0.0141393055245251,-0.0124776010946118,0.0124776010946118,-0.0141393055245251,0.0141393055245251,FALSE,Stable,EDS_ML,Cell_WTC_262,MSRSUM_GOOD,MSR_262,G_AVG,-,N,D,CELL,WTC,WTC_1
ML_MSR_263,-0.00107764779874214,0.00472585538290791,0.592359054965815,0.821729272430022,0.00979727267271194,0.00979727267271194,0.00852752011910008,0.00852752011910008,0.00979727267271194,0.00979727267271194,FALSE,Stable,EDS_ML,Cell_WTC_263,MSRSUM_GOOD,MSR_263,G_AVG,-,N,D,CELL,WTC,WTC_1
ML_MSR_264,-0.0120993492415834,0.021185828745838,0.753413368169394,2.02872125953207,0.0441791709487397,0.0441791709487397,0.024838214441328,0.024838214441328,0.0441791709487397,0.0441791709487397,FALSE,Stable,EDS_ML,Cell_WTC_264,MSRSUM_GOOD,MSR_264,G_AVG,-,N,D,CELL,WTC,WTC_1
ML_MSR_265,7.30407571834478e-05,-0.00190897624861266,1.1656504185642,1.1715770421939,-0.00170035284527027,0.00170035284527027,-0.00169736056469323,0.00169736056469323,-0.00170035284527027,0.00170035284527027,FALSE,Stable,EDS_ML,Cell_WTC_265,MSRSUM_GOOD,MSR_265,G_AVG,-,N,D,CELL,WTC,WTC_1
ML_MSR_266,0.0015145307066223,0.00048807025527193,0.505339762666589,0.736458018288293,-0.00203122834809974,0.00203122834809974,-0.00172346449259957,0.00172346449259957,-0.00203122834809974,0.00203122834809974,FALSE,Stable,EDS_ML,Cell_WTC_266,MSRSUM_GOOD,MSR_266,G_AVG,-,N,D,CELL,WTC,WTC_1
ML_MSR_267,-0.000965683191515591,-0.00053560754716982,0.406577077259497,0.678501287865909,0.00105779609427237,0.00105779609427237,0.000831631736402542,0.000831631736402542,0.00105779609427237,0.00105779609427237,FALSE,Stable,EDS_ML,Cell_WTC_267,MSRSUM_GOOD,MSR_267,G_AVG,-,N,D,CELL,WTC,WTC_1
ML_MSR_268,0.00114540732519421,0.00102949567147617,0.795367755674191,0.795120014742551,-0.000145733408088413,0.000145733408088413,-0.000145749121144502,0.000145749121144502,-0.000145733408088413,0.000145733408088413,FALSE,Stable,EDS_ML,Cell_WTC_268,MSRSUM_GOOD,MSR_268,G_AVG,-,N,D,CELL,WTC,WTC_1
ML_MSR_269,-0.00152018312985573,0.00119343462819089,0.749013662571796,0.738059367277133,0.00362292157492723,0.00362292157492723,0.00364126685465026,0.00364126685465026,0.00362292157492723,0.00362292157492723,FALSE,Stable,EDS_ML,Cell_WTC_269,MSRSUM_GOOD,MSR_269,G_AVG,-,N,D,CELL,WTC,WTC_1
ML_MSR_270,0.000246285053644144,0.00223040122086577,1.09233070993959,1.09721652371374,0.00181640610226125,0.00181640610226125,0.00181359403555692,0.00181359403555692,0.00181640610226125,0.00181640610226125,FALSE,Stable,EDS_ML,Cell_WTC_270,MSRSUM_GOOD,MSR_270,G_AVG,-,N,U,CELL,WTC,WTC_1
ML_MSR_271,0.00093168300653599,0.348292966703662,0.662177999558683,0.661133255529143,0.524573881839369,0.524573881839369,0.524860381369838,0.524860381369838,0.524573881839369,0.524573881839369,FALSE,Stable,EDS_ML,Cell_WTC_271,MSRSUM_GOOD,MSR_271,G_AVG,-,N,U,CELL,WTC,WTC_1
ML_MSR_272,0.000494017634726849,-0.000989176581576033,0.343799888649374,0.347428869457648,-0.00431412070006668,0.00431412070006668,-0.00429836122800549,0.00429836122800549,-0.00431412070006668,0.00431412070006668,FALSE,Stable,EDS_ML,Cell_WTC_272,MSRSUM_GOOD,MSR_272,G_AVG,-,N,U,CELL,WTC,WTC_1
ML_MSR_273,0.000453063571340505,0.00272726281908991,0.719412741447573,1.03442408409376,0.00316118844819645,0.00316118844819645,0.00270126692021522,0.00270126692021522,0.00316118844819645,0.00316118844819645,FALSE,Stable,EDS_ML,Cell_WTC_273,MSRSUM_GOOD,MSR_273,G_AVG,-,N,U,CELL,WTC,WTC_1
ML_MSR_274,-0.00331200123319771,0.00529613540510543,0.771717187993511,0.80652589245432,0.0111545223719645,0.0111545223719645,0.0109805885253125,0.0109805885253125,0.0111545223719645,0.0111545223719645,FALSE,Stable,EDS_ML,Cell_WTC_274,MSRSUM_GOOD,MSR_274,G_AVG,-,N,U,CELL,WTC,WTC_1
ML_MSR_275,0.00110420070292267,-0.00385182985571591,0.571572651576958,0.565634840888972,-0.00867086720290935,0.00867086720290935,-0.00870205344141226,0.00870205344141226,-0.00867086720290935,0.00867086720290935,FALSE,Stable,EDS_ML,Cell_WTC_275,MSRSUM_GOOD,MSR_275,G_AVG,-,N,U,CELL,WTC,WTC_2
ML_MSR_276,0.000828050746084628,-0.00605871387347391,0.789304418228979,1.06273482365503,-0.00872510587868098,0.00872510587868098,-0.00770785448958594,0.00770785448958594,-0.00872510587868098,0.00872510587868098,FALSE,Stable,EDS_ML,Cell_WTC_276,MSRSUM_GOOD,MSR_276,G_AVG,-,N,U,CELL,WTC,WTC_2
ML_MSR_277,-0.00102348187199409,0.000700821975582683,0.500776839348219,0.488148025407705,0.00344325797858587,0.00344325797858587,0.00347332608015601,0.00347332608015601,0.00344325797858587,0.00344325797858587,FALSE,Stable,EDS_ML,Cell_WTC_277,MSRSUM_GOOD,MSR_277,G_AVG,-,N,U,CELL,WTC,WTC_2
ML_MSR_278,0.000501460476014304,0.00177600743618206,0.694291085726399,0.697416325365509,0.00183575302401336,0.00183575302401336,0.00183289289499132,0.00183289289499132,0.00183575302401336,0.00183575302401336,FALSE,Stable,EDS_ML,Cell_WTC_278,MSRSUM_GOOD,MSR_278,G_AVG,-,N,U,CELL,WTC,WTC_2
ML_MSR_279,-0.000310656554445679,-0.000209956825749218,0.641981005205849,0.869696872345834,0.000156857800900469,0.000156857800900469,0.000138152750690523,0.000138152750690523,0.000156857800900469,0.000156857800900469,FALSE,Stable,EDS_ML,Cell_WTC_279,MSRSUM_GOOD,MSR_279,G_AVG,-,N,U,CELL,WTC,WTC_2
ML_MSR_280,0.000186051116043905,-0.00397323618201999,0.70015081942572,0.702327358053649,-0.00594055906622439,0.00594055906622439,-0.0059341669542593,0.0059341669542593,-0.00594055906622439,0.00594055906622439,FALSE,Stable,EDS_ML,Cell_WTC_280,MSRSUM_GOOD,MSR_280,G_AVG,-,N,N,CELL,WTC,WTC_2
ML_MSR_281,-0.00250462788259958,0.0055234511653718,0.590351237477437,0.58889350466158,0.0135988180227677,0.0135988180227677,0.0136104420820454,0.0136104420820454,0.0135988180227677,0.0135988180227677,FALSE,Stable,EDS_ML,Cell_WTC_281,MSRSUM_GOOD,MSR_281,G_AVG,-,N,N,CELL,WTC,WTC_2
ML_MSR_282,0.000660537550869398,-0.000971804994450617,0.537035665922911,0.533896681333209,-0.00303954215501644,0.00303954215501644,-0.00304569263386813,0.00304569263386813,-0.00303954215501644,0.00303954215501644,FALSE,Stable,EDS_ML,Cell_WTC_282,MSRSUM_GOOD,MSR_282,G_AVG,-,N,N,CELL,WTC,WTC_2
ML_MSR_283,-0.00196871377481811,0.00104661431742509,0.475766116427651,0.476074444473634,0.00633783699201651,0.00633783699201651,0.00633641523855046,0.00633641523855046,0.00633783699201651,0.00633783699201651,FALSE,Stable,EDS_ML,Cell_WTC_283,MSRSUM_GOOD,MSR_283,G_AVG,-,N,N,CELL,WTC,WTC_2
ML_MSR_284,0.00245405567887531,-0.00275144062153162,0.675980851467538,0.69934600359509,-0.00770065644478823,0.00770065644478823,-0.00760860497136573,0.00760860497136573,-0.00770065644478823,0.00770065644478823,FALSE,Stable,EDS_ML,Cell_WTC_284,MSRSUM_GOOD,MSR_284,G_AVG,-,N,N,CELL,WTC,WTC_2
ML_MSR_285,0.000670333271673458,-0.00131037036625963,0.585802387766523,0.781158587894912,-0.00338118054705253,0.00338118054705253,-0.00300105630155881,0.00300105630155881,-0.00338118054705253,0.00338118054705253,FALSE,Stable,EDS_ML,Cell_WTC_285,MSRSUM_GOOD,MSR_285,G_AVG,-,N,N,CELL,WTC,WTC_2
ML_MSR_286,-0.000103512146997186,0.000852676914539376,1.1018313131866,0.793454053612558,0.000867818013604251,0.000867818013604251,0.000950635434968853,0.000950635434968853,0.000867818013604251,0.000867818013604251,FALSE,Stable,EDS_ML,Cell_WTC_286,MSRSUM_GOOD,MSR_286,G_AVG,-,N,N,CELL,WTC,WTC_2
ML_MSR_287,0.00107268750770755,-0.00378279778024424,0.914547687315186,0.945435699534626,-0.00530916578249288,0.00530916578249288,-0.00524715170701488,0.00524715170701488,-0.00530916578249288,0.00530916578249288,FALSE,Stable,EDS_ML,Cell_WTC_287,MSRSUM_GOOD,MSR_287,G_AVG,-,N,N,CELL,WTC,WTC_2
ML_MSR_288,-0.00174742717967689,0.0017492423973363,0.626977753725996,0.617643553876793,0.00557702335726145,0.00557702335726145,0.00560577082339628,0.00560577082339628,0.00557702335726145,0.00557702335726145,FALSE,Stable,EDS_ML,Cell_WTC_288,MSRSUM_GOOD,MSR_288,G_AVG,-,N,N,CELL,WTC,WTC_2
ML_MSR_289,-0.0021737940559872,-0.0029313168701443,1.34522825395007,1.44059593519726,-0.000563118423905198,0.000563118423905198,-0.000549332928855685,0.000549332928855685,-0.000563118423905198,0.000563118423905198,FALSE,Stable,EDS_ML,Cell_WTC_289,MSRSUM_GOOD,MSR_289,G_AVG,-,N,N,CELL,WTC,WTC_2
ML_MSR_290,0.00129582821556297,0.349159087125417,0.648708813841156,0.654850003195891,0.536239452104982,0.536239452104982,0.534482568294239,0.534482568294239,0.536239452104982,0.536239452104982,FALSE,Stable,EDS_ML,Cell_WTC_290,MSRSUM_GOOD,MSR_290,G_AVG,-,N,D,CELL,WTC,WTC_2
ML_MSR_291,0.00662569768158834,-0.00660052918978907,0.93659830382573,0.788951585147983,-0.0141215575742046,0.0141215575742046,-0.0148898481616647,0.0148898481616647,-0.0141215575742046,0.0141215575742046,FALSE,Stable,EDS_ML,Cell_WTC_291,MSRSUM_GOOD,MSR_291,G_AVG,-,N,D,CELL,WTC,WTC_2
ML_MSR_292,0.000583684609692984,1.36581576032393e-06,0.816528839655154,0.824004010299286,-0.000713163780202291,0.000713163780202291,-0.000710904221622415,0.000710904221622415,-0.000713163780202291,0.000713163780202291,FALSE,Stable,EDS_ML,Cell_WTC_292,MSRSUM_GOOD,MSR_292,G_AVG,-,N,D,CELL,WTC,WTC_2
ML_MSR_293,-0.00182357442348017,0.00316010455049944,1.08573993702537,1.4842403057954,0.00459012218674901,0.00459012218674901,0.0040246743842298,0.0040246743842298,0.00459012218674901,0.00459012218674901,FALSE,Stable,EDS_ML,Cell_WTC_293,MSRSUM_GOOD,MSR_293,G_AVG,-,N,D,CELL,WTC,WTC_2
ML_MSR_294,-0.000628105130102375,-0.00636034150943394,0.623569027808342,0.829858000213531,-0.00919262523265252,0.00919262523265252,-0.00816706853660573,0.00816706853660573,-0.00919262523265252,0.00919262523265252,FALSE,Stable,EDS_ML,Cell_WTC_294,MSRSUM_GOOD,MSR_294,G_AVG,-,N,D,CELL,WTC,WTC_2
ML_MSR_295,0.00221248267357266,-0.00458864605993338,0.704449213048721,0.966306838960043,-0.00965453379395805,0.00965453379395805,-0.00845078473093136,0.00845078473093136,-0.00965453379395805,0.00965453379395805,FALSE,Stable,EDS_ML,Cell_WTC_295,MSRSUM_GOOD,MSR_295,G_AVG,-,N,D,CELL,WTC,WTC_2
ML_MSR_296,-0.000176656307806148,-0.00159506958934516,1.05131954591674,1.02411476867574,-0.00134917427060882,0.00134917427060882,-0.00136126350540356,0.00136126350540356,-0.00134917427060882,0.00134917427060882,FALSE,Stable,EDS_ML,Cell_WTC_296,MSRSUM_GOOD,MSR_296,G_AVG,-,N,D,CELL,WTC,WTC_2
ML_MSR_297,0.00609108361080283,-0.00753966970033295,0.739862975390662,0.743994884425421,-0.0184233483287071,0.0184233483287071,-0.0183877370497232,0.0183877370497232,-0.0184233483287071,0.0184233483287071,FALSE,Stable,EDS_ML,Cell_WTC_297,MSRSUM_GOOD,MSR_297,G_AVG,-,N,D,CELL,WTC,WTC_2
ML_MSR_298,0.00104154766308993,-0.00350757857935622,1.77416313511617,1.85542250655541,-0.00256409692682983,0.00256409692682983,-0.00252349878341153,0.00252349878341153,-0.00256409692682983,0.00256409692682983,FALSE,Stable,EDS_ML,Cell_WTC_298,MSRSUM_GOOD,MSR_298,G_AVG,-,N,D,CELL,WTC,WTC_2
ML_MSR_299,0.000506229683068207,0.000586579023307447,0.66291910007637,0.65916146516472,0.000121205348028114,0.000121205348028114,0.000121443190416138,0.000121443190416138,0.000121205348028114,0.000121205348028114,FALSE,Stable,EDS_ML,Cell_WTC_299,MSRSUM_GOOD,MSR_299,G_AVG,-,N,D,CELL,WTC,WTC_2
