MSR,Mean_A,Mean_B,SD_A,SD_B,N_valid_A,N_valid_B,metric_one_sigma,abs_metric_one_sigma,metric_median_shift,abs_metric_median_shift,Sigma_Score,Abs_Sigma_Score,Direction,STEP_SEQ,ITEM_NAME,ITEM_GROUP_ID,ITEM_ID,SUB_ITEM_ID,ZONE_ID,ONE_STEP_YN,SPEC_TYPE,Category1,Category2,Category3
ML_MSR_000,0.00019844549266247,0.000827218645948946,1.34570449984925,1.75304365940062,16218,9010,0.000467244594453622,0.000467244594453622,0.116291503831288,0.116291503831288,0.000467244594453622,0.000467244594453622,Stable,EDS_ML,Peri_PB_000,MSRSUM_GOOD,MSR_000,G_AVG,-,N,U,PERI,PB,PB_1
ML_MSR_001,0.00236785164631891,0.34660682763596,0.801945777104352,0.81413219969603,16218,9010,0.429254677582581,0.429254677582581,0.428182939300294,0.428182939300294,0.429254677582581,0.429254677582581,Stable,EDS_ML,Peri_PB_001,MSRSUM_GOOD,MSR_001,G_AVG,-,N,U,PERI,PB,PB_1
ML_MSR_002,0.00370471019854483,-0.00501618412874584,0.578206594734182,0.539178187244583,16218,9010,-0.0150826614686052,0.0150826614686052,-0.0199089738941704,0.0199089738941704,-0.0150826614686052,0.0150826614686052,Stable,EDS_ML,Peri_PB_002,MSRSUM_GOOD,MSR_002,G_AVG,-,N,U,PERI,PB,PB_1
ML_MSR_003,0.00658226359600444,0.000371628634850168,0.612792011154815,0.836246356378421,16218,9010,-0.0101349803001678,0.0101349803001678,-0.0249595290434292,0.0249595290434292,-0.0101349803001678,0.0101349803001678,Stable,EDS_ML,Peri_PB_003,MSRSUM_GOOD,MSR_003,G_AVG,-,N,U,PERI,PB,PB_1
ML_MSR_004,-0.00108819336539647,0.34753799445061,0.54962739446183,0.509467940743204,16218,9010,0.634295508791671,0.634295508791671,0.623159441198097,0.623159441198097,0.634295508791671,0.634295508791671,Stable,EDS_ML,Peri_PB_004,MSRSUM_GOOD,MSR_004,G_AVG,-,N,U,PERI,PB,PB_1
ML_MSR_005,0.00361184646688864,-0.00104852275249722,0.704165372157855,0.737094824837591,16218,9010,-0.00661828798127996,0.00661828798127996,-0.0125524491113694,0.0125524491113694,-0.00661828798127996,0.00661828798127996,Stable,EDS_ML,Peri_PB_005,MSRSUM_GOOD,MSR_005,G_AVG,-,N,U,PERI,PB,PB_1
ML_MSR_006,-0.00120755031446541,0.00223068856825749,0.672986211581819,0.680335538952166,16218,9010,0.00510892916311242,0.00510892916311242,-0.00344137808493336,0.00344137808493336,0.00510892916311242,0.00510892916311242,Stable,EDS_ML,Peri_PB_006,MSRSUM_GOOD,MSR_006,G_AVG,-,N,U,PERI,PB,PB_1
ML_MSR_007,0.00049402824022691,0.345061892119867,0.80024850550743,0.846789161462105,16218,9010,0.430576079190742,0.430576079190742,0.425383487325787,0.425383487325787,0.430576079190742,0.430576079190742,Stable,EDS_ML,Peri_PB_007,MSRSUM_GOOD,MSR_007,G_AVG,-,N,U,PERI,PB,PB_1
ML_MSR_008,-0.00333754593661364,0.355154389345172,0.792246890576501,0.791528716503041,16218,9010,0.452500274278033,0.452500274278033,0.448024478507847,0.448024478507847,0.452500274278033,0.452500274278033,Stable,EDS_ML,Peri_PB_008,MSRSUM_GOOD,MSR_008,G_AVG,-,N,U,PERI,PB,PB_1
ML_MSR_009,0.114648302626711,0.111060825971143,1.20897956444759,1.31468488675951,16218,9010,-0.00296735921852168,0.00296735921852168,-0.113570985017218,0.113570985017218,-0.00296735921852168,0.00296735921852168,Stable,EDS_ML,Peri_PB_009,MSRSUM_GOOD,MSR_009,G_AVG,-,N,U,PERI,PB,PB_1
ML_MSR_010,0.00381270791712912,-0.00500901698113208,0.688746628026484,0.711950977235781,16218,9010,-0.012808374719073,0.012808374719073,-0.000897282069853178,0.000897282069853178,-0.012808374719073,0.012808374719073,Stable,EDS_ML,Peri_PB_010,MSRSUM_GOOD,MSR_010,G_AVG,-,N,N,PERI,PB,PB_1
ML_MSR_011,0.00042861777037859,-0.00362645460599334,0.440633262329731,0.612783919769837,16218,9010,-0.00920282857206879,0.00920282857206879,0.0165352927772116,0.0165352927772116,-0.00920282857206879,0.00920282857206879,Stable,EDS_ML,Peri_PB_011,MSRSUM_GOOD,MSR_011,G_AVG,-,N,N,PERI,PB,PB_1
ML_MSR_012,0.00421933407325194,-0.00551393962264151,0.69212992007822,0.711419193667744,16218,9010,-0.014062784187676,0.014062784187676,-0.0260572465902959,0.0260572465902959,-0.014062784187676,0.014062784187676,Stable,EDS_ML,Peri_PB_012,MSRSUM_GOOD,MSR_012,G_AVG,-,N,N,PERI,PB,PB_1
ML_MSR_013,0.110575195831792,0.117425482352941,1.15386386131402,1.04559930972617,16218,9010,0.00593682387569384,0.00593682387569384,0.0792602169686211,0.0792602169686211,0.00593682387569384,0.00593682387569384,Stable,EDS_ML,Peri_PB_013,MSRSUM_GOOD,MSR_013,G_AVG,-,N,N,PERI,PB,PB_1
ML_MSR_014,-0.00224335423603404,0.00331103307436182,0.684361108310428,0.746104681664717,16218,9010,0.00811616446777448,0.00811616446777448,0.0109569347365641,0.0109569347365641,0.00811616446777448,0.00811616446777448,Stable,EDS_ML,Peri_PB_014,MSRSUM_GOOD,MSR_014,G_AVG,-,N,N,PERI,PB,PB_1
ML_MSR_015,0.00124900795412505,-0.00325484550499445,0.356586896219545,0.358832476950411,16218,9010,-0.0126304513903016,0.0126304513903016,-0.0167757145969744,0.0167757145969744,-0.0126304513903016,0.0126304513903016,Stable,EDS_ML,Peri_PB_015,MSRSUM_GOOD,MSR_015,G_AVG,-,N,N,PERI,PB,PB_1
ML_MSR_016,0.00119397379454927,-1.42261931187573e-05,0.541615463716026,0.540010429240904,16218,9010,-0.00223073392214203,0.00223073392214203,-0.0053192720537066,0.0053192720537066,-0.00223073392214203,0.00223073392214203,Stable,EDS_ML,Peri_PB_016,MSRSUM_GOOD,MSR_016,G_AVG,-,N,N,PERI,PB,PB_1
ML_MSR_017,-0.000743833949932182,0.00078063152053274,1.66831976826046,1.67054508631034,16218,9010,0.000913772946570349,0.000913772946570349,0.000514289895932033,0.000514289895932033,0.000913772946570349,0.000913772946570349,Stable,EDS_ML,Peri_PB_017,MSRSUM_GOOD,MSR_017,G_AVG,-,N,N,PERI,PB,PB_1
ML_MSR_018,0.000688208595387842,-0.00232025660377358,0.504243990632699,0.492919941177256,16218,9010,-0.00596628865202055,0.00596628865202055,-0.013601550295908,0.013601550295908,-0.00596628865202055,0.00596628865202055,Stable,EDS_ML,Peri_PB_018,MSRSUM_GOOD,MSR_018,G_AVG,-,N,N,PERI,PB,PB_1
ML_MSR_019,0.000358327229004811,-0.000935422752497227,0.731081124707612,0.74858509993721,16218,9010,-0.00176963942547342,0.00176963942547342,-0.00285467635460385,0.00285467635460385,-0.00176963942547342,0.00176963942547342,Stable,EDS_ML,Peri_PB_019,MSRSUM_GOOD,MSR_019,G_AVG,-,N,N,PERI,PB,PB_1
ML_MSR_020,0.00208398994943889,-0.0151026903440622,0.79026561617132,0.956985447695993,16218,9010,-0.0217479793398669,0.0217479793398669,-0.0125862745341102,0.0125862745341102,-0.0217479793398669,0.0217479793398669,Stable,EDS_ML,Peri_PB_020,MSRSUM_GOOD,MSR_020,G_AVG,-,N,D,PERI,PB,PB_1
ML_MSR_021,-0.000666357134048588,0.00237972741398446,0.634072340709571,0.663241154668574,16218,9010,0.00480400161379736,0.00480400161379736,0.0103907702276163,0.0103907702276163,0.00480400161379736,0.00480400161379736,Stable,EDS_ML,Peri_PB_021,MSRSUM_GOOD,MSR_021,G_AVG,-,N,D,PERI,PB,PB_1
ML_MSR_022,-0.000596229251449008,0.000945814428412874,0.980860495701409,0.969892863250213,16218,9010,0.00157213353644054,0.00157213353644054,0.00245192869989141,0.00245192869989141,0.00157213353644054,0.00157213353644054,Stable,EDS_ML,Peri_PB_022,MSRSUM_GOOD,MSR_022,G_AVG,-,N,D,PERI,PB,PB_1
ML_MSR_023,-0.00076046750524109,0.00090532486126526,1.06122823304672,1.06190349018739,16218,9010,0.00156968342401141,0.00156968342401141,-0.0110588840689874,0.0110588840689874,0.00156968342401141,0.00156968342401141,Stable,EDS_ML,Peri_PB_023,MSRSUM_GOOD,MSR_023,G_AVG,-,N,D,PERI,PB,PB_1
ML_MSR_024,0.000368493834011591,-0.00101514306326304,0.471655194999813,0.471070939720647,16218,9010,-0.00293357713843305,0.00293357713843305,0.00560897034114307,0.00560897034114307,-0.00293357713843305,0.00293357713843305,Stable,EDS_ML,Peri_PB_024,MSRSUM_GOOD,MSR_024,G_AVG,-,N,D,PERI,PB,PB_1
ML_MSR_025,-0.00143691780737452,0.00518867602663707,0.638341672968548,0.695220316105853,16218,9010,0.0103793847630218,0.0103793847630218,0.00167700158916735,0.00167700158916735,0.0103793847630218,0.0103793847630218,Stable,EDS_ML,Peri_PB_025,MSRSUM_GOOD,MSR_025,G_AVG,-,N,D,PERI,PB,PB_2
ML_MSR_026,1.06066099395725e-05,0.00137398479467259,0.818685285173025,1.08447224447374,16218,9010,0.00166532635852233,0.00166532635852233,0.0700910362495064,0.0700910362495064,0.00166532635852233,0.00166532635852233,Stable,EDS_ML,Peri_PB_026,MSRSUM_GOOD,MSR_026,G_AVG,-,N,D,PERI,PB,PB_2
ML_MSR_027,0.00534517825872487,-0.0145887956714761,0.686110106247138,0.946067001543088,16218,9010,-0.0290536077937041,0.0290536077937041,0.00870487104856709,0.00870487104856709,-0.0290536077937041,0.0290536077937041,Stable,EDS_ML,Peri_PB_027,MSRSUM_GOOD,MSR_027,G_AVG,-,N,D,PERI,PB,PB_2
ML_MSR_028,-0.00153624367986188,0.00080015460599334,0.594869040473128,0.559820473659769,16218,9010,0.00392758426963517,0.00392758426963517,0.0111276592823442,0.0111276592823442,0.00392758426963517,0.00392758426963517,Stable,EDS_ML,Peri_PB_028,MSRSUM_GOOD,MSR_028,G_AVG,-,N,D,PERI,PB,PB_2
ML_MSR_029,0.00608688451103712,-0.0118694379578246,0.907052587895573,1.18453320824391,16218,9010,-0.0197963411476745,0.0197963411476745,-0.0652635809543771,0.0652635809543771,-0.0197963411476745,0.0197963411476745,Stable,EDS_ML,Peri_PB_029,MSRSUM_GOOD,MSR_029,G_AVG,-,N,D,PERI,PB,PB_2
ML_MSR_030,0.00169686767788877,-0.00183742130965594,0.712193340813334,0.971124701480314,16218,9010,-0.00496254146873727,0.00496254146873727,-0.0431175050933937,0.0431175050933937,-0.00496254146873727,0.00496254146873727,Stable,EDS_ML,Peri_PB_030,MSRSUM_GOOD,MSR_030,G_AVG,-,N,U,PERI,PB,PB_2
ML_MSR_031,-0.000790361943519546,0.00213667680355161,0.57469958997338,0.569611876787826,16218,9010,0.00509316310319055,0.00509316310319055,0.00470941696708948,0.00470941696708948,0.00509316310319055,0.00509316310319055,Stable,EDS_ML,Peri_PB_031,MSRSUM_GOOD,MSR_031,G_AVG,-,N,U,PERI,PB,PB_2
ML_MSR_032,-0.00220373023800715,0.00170988168701443,0.70610441099218,0.692167488373525,16218,9010,0.00554253997581234,0.00554253997581234,0.0214253016473049,0.0214253016473049,0.00554253997581234,0.00554253997581234,Stable,EDS_ML,Peri_PB_032,MSRSUM_GOOD,MSR_032,G_AVG,-,N,U,PERI,PB,PB_2
ML_MSR_033,-0.00238704655321248,0.0028825,1.13627746099845,1.25045665251453,16218,9010,0.00463755265248519,0.00463755265248519,-0.0111434050525598,0.0111434050525598,0.00463755265248519,0.00463755265248519,Stable,EDS_ML,Peri_PB_033,MSRSUM_GOOD,MSR_033,G_AVG,-,N,U,PERI,PB,PB_2
ML_MSR_034,0.00137780651128376,0.352087852608213,0.657515984209167,0.745382586310633,16218,9010,0.533386342719484,0.533386342719484,0.520407880899741,0.520407880899741,0.533386342719484,0.533386342719484,Stable,EDS_ML,Peri_PB_034,MSRSUM_GOOD,MSR_034,G_AVG,-,N,U,PERI,PB,PB_2
ML_MSR_035,0.00257009896411395,-0.00225571753607103,0.488214090412032,0.482431104998199,16218,9010,-0.00988463175266448,0.00988463175266448,0.00760731833213897,0.00760731833213897,-0.00988463175266448,0.00988463175266448,Stable,EDS_ML,Peri_PB_035,MSRSUM_GOOD,MSR_035,G_AVG,-,N,U,PERI,PB,PB_2
ML_MSR_036,0.00221721889258848,-0.00566664495005549,0.549181215932546,0.731742851592437,16218,9010,-0.0143556691560483,0.0143556691560483,0.0126415467218979,0.0126415467218979,-0.0143556691560483,0.0143556691560483,Stable,EDS_ML,Peri_PB_036,MSRSUM_GOOD,MSR_036,G_AVG,-,N,U,PERI,PB,PB_2
ML_MSR_037,0.000876201257861636,-0.00676423473917869,0.698051330087147,0.881224797544656,16218,9010,-0.0109453784667762,0.0109453784667762,0.00870423096141289,0.00870423096141289,-0.0109453784667762,0.0109453784667762,Stable,EDS_ML,Peri_PB_037,MSRSUM_GOOD,MSR_037,G_AVG,-,N,U,PERI,PB,PB_2
ML_MSR_038,-0.000178744111481071,-0.000912631409544949,0.520424364108893,0.532309752993776,16218,9010,-0.00141017090796756,0.00141017090796756,-0.0014103874657306,0.0014103874657306,-0.00141017090796756,0.00141017090796756,Stable,EDS_ML,Peri_PB_038,MSRSUM_GOOD,MSR_038,G_AVG,-,N,U,PERI,PB,PB_2
ML_MSR_039,0.00380475410038229,-0.00430257325194228,0.739949312232387,0.704649425910458,16218,9010,-0.0109565982673397,0.0109565982673397,-0.00103453032166559,0.00103453032166559,-0.0109565982673397,0.0109565982673397,Stable,EDS_ML,Peri_PB_039,MSRSUM_GOOD,MSR_039,G_AVG,-,N,U,PERI,PB,PB_2
ML_MSR_040,0.00391570366259712,-0.00665364550499445,1.06313583585377,1.05925697573497,16218,9010,-0.00994167331317887,0.00994167331317887,-0.0126441979911294,0.0126441979911294,-0.00994167331317887,0.00994167331317887,Stable,EDS_ML,Peri_PB_040,MSRSUM_GOOD,MSR_040,G_AVG,-,N,N,PERI,PB,PB_2
ML_MSR_041,-0.0013692172894315,0.00461672031076582,0.517867968170887,0.838018607756878,16218,9010,0.0115588102916264,0.0115588102916264,-0.00936242497701669,0.00936242497701669,0.0115588102916264,0.0115588102916264,Stable,EDS_ML,Peri_PB_041,MSRSUM_GOOD,MSR_041,G_AVG,-,N,N,PERI,PB,PB_2
ML_MSR_042,-0.000661982611912689,-0.00144406725860155,0.809723479552137,0.982783823133039,16218,9010,-0.000965866331456067,0.000965866331456067,-0.0277329243464949,0.0277329243464949,-0.000965866331456067,0.000965866331456067,Stable,EDS_ML,Peri_PB_042,MSRSUM_GOOD,MSR_042,G_AVG,-,N,N,PERI,PB,PB_2
ML_MSR_043,-0.000410631273893204,-0.00193513540510544,1.18009167427419,1.18525328713461,16218,9010,-0.00129185228948409,0.00129185228948409,-0.00299849586022741,0.00299849586022741,-0.00129185228948409,0.00129185228948409,Stable,EDS_ML,Peri_PB_043,MSRSUM_GOOD,MSR_043,G_AVG,-,N,N,PERI,PB,PB_2
ML_MSR_044,-0.0020098164385251,0.00234413140954495,0.609589495914879,0.777317400133172,16218,9010,0.00714242597231042,0.00714242597231042,0.00182171774192623,0.00182171774192623,0.00714242597231042,0.00714242597231042,Stable,EDS_ML,Peri_PB_044,MSRSUM_GOOD,MSR_044,G_AVG,-,N,N,PERI,PB,PB_2
ML_MSR_045,0.00347823763719324,-0.00591368634850166,0.385294912217356,0.387696565180722,16218,9010,-0.0243759356479555,0.0243759356479555,0.00623159020237861,0.00623159020237861,-0.0243759356479555,0.0243759356479555,Stable,EDS_ML,Peri_PB_045,MSRSUM_GOOD,MSR_045,G_AVG,-,N,N,PERI,PB,PB_2
ML_MSR_046,0.00103782402269084,-0.000502342619311876,0.604313455331613,0.602672343680039,16218,9010,-0.00254862212385716,0.00254862212385716,-0.00387381743587919,0.00387381743587919,-0.00254862212385716,0.00254862212385716,Stable,EDS_ML,Peri_PB_046,MSRSUM_GOOD,MSR_046,G_AVG,-,N,N,PERI,PB,PB_2
ML_MSR_047,-0.00400218812430632,-0.00122254450610433,0.680218862016691,0.871066681529754,16218,9010,0.00408639597255654,0.00408639597255654,0.00240363813957261,0.00240363813957261,0.00408639597255654,0.00408639597255654,Stable,EDS_ML,Peri_PB_047,MSRSUM_GOOD,MSR_047,G_AVG,-,N,N,PERI,PB,PB_2
ML_MSR_048,0.113860655074608,0.110248712652608,0.583987136609743,0.555362132633899,16218,9010,-0.00618496914669881,0.00618496914669881,0.00147006662678203,0.00147006662678203,-0.00618496914669881,0.00618496914669881,Stable,EDS_ML,Peri_PB_048,MSRSUM_GOOD,MSR_048,G_AVG,-,N,N,PERI,PB,PB_2
ML_MSR_049,-0.00352737803674929,0.35508662463929,0.741906994262318,0.728321417524661,16218,9010,0.483367868815701,0.483367868815701,0.46886739536116,0.46886739536116,0.483367868815701,0.483367868815701,Stable,EDS_ML,Peri_PB_049,MSRSUM_GOOD,MSR_049,G_AVG,-,N,N,PERI,PB,PB_2
ML_MSR_050,0.00591247280799112,-0.00796803884572697,0.872562546748167,0.875372442861645,16218,9010,-0.0159077555018233,0.0159077555018233,-0.0162779161825511,0.0162779161825511,-0.0159077555018233,0.0159077555018233,Stable,EDS_ML,Peri_PB_050,MSRSUM_GOOD,MSR_050,G_AVG,-,N,D,PERI,PB,PB_3
ML_MSR_051,-0.00393816321371316,0.00456934794672586,0.965091788200103,0.95787482055123,16218,9010,0.00881523525995961,0.00881523525995961,0.00513992561189577,0.00513992561189577,0.00881523525995961,0.00881523525995961,Stable,EDS_ML,Peri_PB_051,MSRSUM_GOOD,MSR_051,G_AVG,-,N,D,PERI,PB,PB_3
ML_MSR_052,-0.00133185528425207,0.352148346392897,1.2638643032678,1.26013363532165,16218,9010,0.279682083561663,0.279682083561663,0.283935545194333,0.283935545194333,0.279682083561663,0.279682083561663,Stable,EDS_ML,Peri_PB_052,MSRSUM_GOOD,MSR_052,G_AVG,-,N,D,PERI,PB,PB_3
ML_MSR_053,0.0036874670736219,-0.00384381209766926,0.493319215531615,0.671088532005852,16218,9010,-0.0152665433134917,0.0152665433134917,-0.0385926584665541,0.0385926584665541,-0.0152665433134917,0.0152665433134917,Stable,EDS_ML,Peri_PB_053,MSRSUM_GOOD,MSR_053,G_AVG,-,N,D,PERI,PB,PB_3
ML_MSR_054,-0.000729430262671106,0.00358554450610433,0.73970757503506,0.73294188751091,16218,9010,0.00583335214401572,0.00583335214401572,0.00772129445846123,0.00772129445846123,0.00583335214401572,0.00583335214401572,Stable,EDS_ML,Peri_PB_054,MSRSUM_GOOD,MSR_054,G_AVG,-,N,D,PERI,PB,PB_3
ML_MSR_055,-0.00224648538660747,0.35349351254162,1.01509719770035,1.02154119223339,16218,9010,0.350449197115446,0.350449197115446,0.353666132478059,0.353666132478059,0.350449197115446,0.350449197115446,Stable,EDS_ML,Peri_PB_055,MSRSUM_GOOD,MSR_055,G_AVG,-,N,D,PERI,PB,PB_3
ML_MSR_056,-0.000766069182389938,0.352282821198668,0.773746337099359,0.731626144695976,16218,9010,0.45628505551907,0.45628505551907,0.44940762020738,0.44940762020738,0.45628505551907,0.45628505551907,Stable,EDS_ML,Peri_PB_056,MSRSUM_GOOD,MSR_056,G_AVG,-,N,D,PERI,PB,PB_3
ML_MSR_057,-0.00336630392156863,0.00535136381798002,0.452401037017629,0.42896020353824,16218,9010,0.0192697784183217,0.0192697784183217,0.023622845938754,0.023622845938754,0.0192697784183217,0.0192697784183217,Stable,EDS_ML,Peri_PB_057,MSRSUM_GOOD,MSR_057,G_AVG,-,N,D,PERI,PB,PB_3
ML_MSR_058,-0.000195133678628685,0.349160304550499,0.984468040691983,1.02242607211794,16218,9010,0.354867221472793,0.354867221472793,0.376232629897923,0.376232629897923,0.354867221472793,0.354867221472793,Stable,EDS_ML,Peri_PB_058,MSRSUM_GOOD,MSR_058,G_AVG,-,N,D,PERI,PB,PB_3
ML_MSR_059,0.00185022012578616,-0.0101258907880133,1.10782452560807,1.13886025866983,16218,9010,-0.0108104764220001,0.0108104764220001,-0.0117613391821672,0.0117613391821672,-0.0108104764220001,0.0108104764220001,Stable,EDS_ML,Peri_PB_059,MSRSUM_GOOD,MSR_059,G_AVG,-,N,D,PERI,PB,PB_3
ML_MSR_060,0.000430928104575162,0.000384598668146506,0.795538194401555,0.972129431788929,16218,9010,-5.82365959983953e-05,5.82365959983953e-05,-0.0436057001965765,0.0436057001965765,-5.82365959983953e-05,5.82365959983953e-05,Stable,EDS_ML,Peri_PB_060,MSRSUM_GOOD,MSR_060,G_AVG,-,N,U,PERI,PB,PB_3
ML_MSR_061,-0.00252638734739179,0.00419177491675916,0.478295042932778,0.603134967723745,16218,9010,0.014046062913295,0.014046062913295,0.0373942825966392,0.0373942825966392,0.014046062913295,0.014046062913295,Stable,EDS_ML,Peri_PB_061,MSRSUM_GOOD,MSR_061,G_AVG,-,N,U,PERI,PB,PB_3
ML_MSR_062,-0.00113917529905044,0.000630870366259713,0.614795007460919,0.755758202311728,16218,9010,0.0028790826923276,0.0028790826923276,0.0187997622943201,0.0187997622943201,0.0028790826923276,0.0028790826923276,Stable,EDS_ML,Peri_PB_062,MSRSUM_GOOD,MSR_062,G_AVG,-,N,U,PERI,PB,PB_3
ML_MSR_063,-0.000539016524848935,-0.00327296359600444,0.759844359610784,0.946446873344393,16218,9010,-0.00359803561949965,0.00359803561949965,0.0468313011078051,0.0468313011078051,-0.00359803561949965,0.00359803561949965,Stable,EDS_ML,Peri_PB_063,MSRSUM_GOOD,MSR_063,G_AVG,-,N,U,PERI,PB,PB_3
ML_MSR_064,0.000525238500431616,-0.00304925216426193,1.38061783183973,1.86468241918468,16218,9010,-0.00258905149727813,0.00258905149727813,-6.41017361640681e-05,6.41017361640681e-05,-0.00258905149727813,0.00258905149727813,Stable,EDS_ML,Peri_PB_064,MSRSUM_GOOD,MSR_064,G_AVG,-,N,U,PERI,PB,PB_3
ML_MSR_065,0.00328229368602787,-0.00203479178690344,0.719593074632914,0.652668671176918,16218,9010,-0.00738901701582345,0.00738901701582345,0.00077682793193245,0.00077682793193245,-0.00738901701582345,0.00738901701582345,Stable,EDS_ML,Peri_PB_065,MSRSUM_GOOD,MSR_065,G_AVG,-,N,U,PERI,PB,PB_3
ML_MSR_066,-0.00187893266740658,0.00330813529411764,1.53390446462799,1.61975824376273,16218,9010,0.00338161083766206,0.00338161083766206,-0.0254302017495335,0.0254302017495335,0.00338161083766206,0.00338161083766206,Stable,EDS_ML,Peri_PB_066,MSRSUM_GOOD,MSR_066,G_AVG,-,N,U,PERI,PB,PB_3
ML_MSR_067,-0.00310478980145517,0.00622410965593785,1.04551702492439,1.40634272540002,16218,9010,0.0089227618823975,0.0089227618823975,-0.0108018327112528,0.0108018327112528,0.0089227618823975,0.0089227618823975,Stable,EDS_ML,Peri_PB_067,MSRSUM_GOOD,MSR_067,G_AVG,-,N,U,PERI,PB,PB_3
ML_MSR_068,0.00149415698606487,-0.00242692186459489,0.708458247086823,0.675725137878978,16218,9010,-0.00553466469870768,0.00553466469870768,-0.00564747466269479,0.00564747466269479,-0.00553466469870768,0.00553466469870768,Stable,EDS_ML,Peri_PB_068,MSRSUM_GOOD,MSR_068,G_AVG,-,N,U,PERI,PB,PB_3
ML_MSR_069,0.00138371081514367,-0.00321763806881243,0.818917644582305,0.804247935655732,16218,9010,-0.00561881761175514,0.00561881761175514,-0.00835554105503499,0.00835554105503499,-0.00561881761175514,0.00561881761175514,Stable,EDS_ML,Peri_PB_069,MSRSUM_GOOD,MSR_069,G_AVG,-,N,U,PERI,PB,PB_3
ML_MSR_070,0.00122830244173141,-0.000434108324084349,0.746072332672533,0.741888440982369,16218,9010,-0.00222821661253779,0.00222821661253779,0.00319003921707499,0.00319003921707499,-0.00222821661253779,0.00222821661253779,Stable,EDS_ML,Peri_PB_070,MSRSUM_GOOD,MSR_070,G_AVG,-,N,N,PERI,PB,PB_3
ML_MSR_071,0.00159609236650635,-0.00317373196448391,0.635661198563767,0.842511356526302,16218,9010,-0.00750372107306117,0.00750372107306117,-0.00557922995459385,0.00557922995459385,-0.00750372107306117,0.00750372107306117,Stable,EDS_ML,Peri_PB_071,MSRSUM_GOOD,MSR_071,G_AVG,-,N,N,PERI,PB,PB_3
ML_MSR_072,0.00185750024663953,0.00389143518312986,0.917309533280303,1.24063766249626,16218,9010,0.0022172831118597,0.0022172831118597,-0.0189031067168702,0.0189031067168702,0.0022172831118597,0.0022172831118597,Stable,EDS_ML,Peri_PB_072,MSRSUM_GOOD,MSR_072,G_AVG,-,N,N,PERI,PB,PB_3
ML_MSR_073,0.000487987668023184,0.00011366193118757,0.498363608922231,0.737030884376768,16218,9010,-0.000751109692068282,0.000751109692068282,0.00684339694741276,0.00684339694741276,-0.000751109692068282,0.000751109692068282,Stable,EDS_ML,Peri_PB_073,MSRSUM_GOOD,MSR_073,G_AVG,-,N,N,PERI,PB,PB_3
ML_MSR_074,0.00218880626464422,0.348003537846837,1.1971625076591,1.14447756497892,16218,9010,0.288861979363512,0.288861979363512,0.276729347837493,0.276729347837493,0.288861979363512,0.288861979363512,Stable,EDS_ML,Peri_PB_074,MSRSUM_GOOD,MSR_074,G_AVG,-,N,N,PERI,PB,PB_3
ML_MSR_075,0.0016093431372549,-0.00130475194228635,0.706580005165528,0.690416911036048,16218,9010,-0.00412422522324075,0.00412422522324075,0.00158156187810355,0.00158156187810355,-0.00412422522324075,0.00412422522324075,Stable,EDS_ML,Peri_BL_075,MSRSUM_GOOD,MSR_075,G_AVG,-,N,N,PERI,BL,BL_1
ML_MSR_076,-0.00339711629054137,0.00631129733629301,0.567473140100411,0.550917257022235,16218,9010,0.0171081465197041,0.0171081465197041,0.0171858354357959,0.0171858354357959,0.0171081465197041,0.0171081465197041,Stable,EDS_ML,Peri_BL_076,MSRSUM_GOOD,MSR_076,G_AVG,-,N,N,PERI,BL,BL_1
ML_MSR_077,-0.00117785423603404,-0.000274048501664817,0.615636563038929,0.606044534144423,16218,9010,0.00146808326313145,0.00146808326313145,0.0138588259896131,0.0138588259896131,0.00146808326313145,0.00146808326313145,Stable,EDS_ML,Peri_BL_077,MSRSUM_GOOD,MSR_077,G_AVG,-,N,N,PERI,BL,BL_1
ML_MSR_078,-0.00359300209643606,0.0071196410654828,1.41468283400129,1.52140487365984,16218,9010,0.00757246988826405,0.00757246988826405,0.0133241879712967,0.0133241879712967,0.00757246988826405,0.00757246988826405,Stable,EDS_ML,Peri_BL_078,MSRSUM_GOOD,MSR_078,G_AVG,-,N,N,PERI,BL,BL_1
ML_MSR_079,-0.000833996793686031,0.351870125416204,0.850921357467172,0.81190879409683,16218,9010,0.414496732412193,0.414496732412193,0.402357394129937,0.402357394129937,0.414496732412193,0.414496732412193,Stable,EDS_ML,Peri_BL_079,MSRSUM_GOOD,MSR_079,G_AVG,-,N,N,PERI,BL,BL_1
ML_MSR_080,0.00145218448637317,-0.00134832341842397,0.513418665380932,0.517712367576848,16218,9010,-0.0054546281497563,0.0054546281497563,-0.000563867306587311,0.000563867306587311,-0.0054546281497563,0.0054546281497563,Stable,EDS_ML,Peri_BL_080,MSRSUM_GOOD,MSR_080,G_AVG,-,N,D,PERI,BL,BL_1
ML_MSR_081,0.000126750215809594,-0.00110511298557159,0.415955539733383,0.416590506786336,16218,9010,-0.00296152613370837,0.00296152613370837,-0.0145616524397833,0.0145616524397833,-0.00296152613370837,0.00296152613370837,Stable,EDS_ML,Peri_BL_081,MSRSUM_GOOD,MSR_081,G_AVG,-,N,D,PERI,BL,BL_1
ML_MSR_082,0.00109645246022938,0.00266549522752497,0.494259195690773,0.478774206041973,16218,9010,0.00317453429491122,0.00317453429491122,-0.00417999304416092,0.00417999304416092,0.00317453429491122,0.00317453429491122,Stable,EDS_ML,Peri_BL_082,MSRSUM_GOOD,MSR_082,G_AVG,-,N,D,PERI,BL,BL_1
ML_MSR_083,-0.00389434517203108,0.351310791675916,0.771434891588206,0.747392856462168,16218,9010,0.460447330968737,0.460447330968737,0.461307239120788,0.461307239120788,0.460447330968737,0.460447330968737,Stable,EDS_ML,Peri_BL_083,MSRSUM_GOOD,MSR_083,G_AVG,-,N,D,PERI,BL,BL_1
ML_MSR_084,-0.00523819761992847,0.00780762852386238,0.74005324677603,0.999207487151899,16218,9010,0.0176282263480685,0.0176282263480685,0.0176237318825617,0.0176237318825617,0.0176282263480685,0.0176282263480685,Stable,EDS_ML,Peri_BL_084,MSRSUM_GOOD,MSR_084,G_AVG,-,N,D,PERI,BL,BL_1
ML_MSR_085,-0.00307150573436922,0.0064658320754717,0.785205875411204,0.776142328039126,16218,9010,0.0121462894108457,0.0121462894108457,0.0127049482338319,0.0127049482338319,0.0121462894108457,0.0121462894108457,Stable,EDS_ML,Peri_BL_085,MSRSUM_GOOD,MSR_085,G_AVG,-,N,D,PERI,BL,BL_1
ML_MSR_086,0.000556658589221851,-0.00445258856825749,0.531891594001922,0.764302723448819,16218,9010,-0.00941779718643428,0.00941779718643428,-0.0044059729960529,0.0044059729960529,-0.00941779718643428,0.00941779718643428,Stable,EDS_ML,Peri_BL_086,MSRSUM_GOOD,MSR_086,G_AVG,-,N,D,PERI,BL,BL_1
ML_MSR_087,-0.00571915920582069,0.00976722608213097,0.835752286167909,0.944590789049125,16218,9010,0.0185298748735224,0.0185298748735224,0.0374823982159067,0.0374823982159067,0.0185298748735224,0.0185298748735224,Stable,EDS_ML,Peri_BL_087,MSRSUM_GOOD,MSR_087,G_AVG,-,N,D,PERI,BL,BL_1
ML_MSR_088,0.1146070106055,0.109066437291898,0.802533925162068,0.821378759196396,16218,9010,-0.00690384934503955,0.00690384934503955,-0.0750597552469015,0.0750597552469015,-0.00690384934503955,0.00690384934503955,Stable,EDS_ML,Peri_BL_088,MSRSUM_GOOD,MSR_088,G_AVG,-,N,D,PERI,BL,BL_1
ML_MSR_089,0.115591483166852,0.110609570810211,0.924338531334805,0.791326996952299,16218,9010,-0.00538970538147594,0.00538970538147594,0.099260711189337,0.099260711189337,-0.00538970538147594,0.00538970538147594,Stable,EDS_ML,Peri_BL_089,MSRSUM_GOOD,MSR_089,G_AVG,-,N,D,PERI,BL,BL_1
ML_MSR_090,-0.00138353397459613,-0.00148166359600444,0.509631090991749,0.67176664305187,16218,9010,-0.000192550303823397,0.000192550303823397,-0.0353020063296949,0.0353020063296949,-0.000192550303823397,0.000192550303823397,Stable,EDS_ML,Peri_BL_090,MSRSUM_GOOD,MSR_090,G_AVG,-,N,U,PERI,BL,BL_1
ML_MSR_091,0.000530358552225922,-3.44159822419536e-05,0.456604401180861,0.467358301942078,16218,9010,-0.00123690120596137,0.00123690120596137,-0.0122009336431984,0.0122009336431984,-0.00123690120596137,0.00123690120596137,Stable,EDS_ML,Peri_BL_091,MSRSUM_GOOD,MSR_091,G_AVG,-,N,U,PERI,BL,BL_1
ML_MSR_092,0.00490222487359724,-0.00839024661487236,0.665968786156415,0.670439465897927,16218,9010,-0.0199596013578745,0.0199596013578745,-0.00504603229138539,0.00504603229138539,-0.0199596013578745,0.0199596013578745,Stable,EDS_ML,Peri_BL_092,MSRSUM_GOOD,MSR_092,G_AVG,-,N,U,PERI,BL,BL_1
ML_MSR_093,-0.00562547268467135,0.0106676835738069,0.546858353493204,0.529098832717204,16218,9010,0.0297941069280579,0.0297941069280579,0.0200582105584245,0.0200582105584245,0.0297941069280579,0.0297941069280579,Stable,EDS_ML,Peri_BL_093,MSRSUM_GOOD,MSR_093,G_AVG,-,N,U,PERI,BL,BL_1
ML_MSR_094,-0.00163913688494266,-0.00751745294117647,0.519918545659059,0.777039409266228,16218,9010,-0.0113062249948833,0.0113062249948833,0.00149638824484284,0.00149638824484284,-0.0113062249948833,0.0113062249948833,Stable,EDS_ML,Peri_BL_094,MSRSUM_GOOD,MSR_094,G_AVG,-,N,U,PERI,BL,BL_1
ML_MSR_095,0.00145832352941176,-0.00116975072142064,0.434616892180952,0.451263948394753,16218,9010,-0.00604687553133166,0.00604687553133166,0.000407255224507718,0.000407255224507718,-0.00604687553133166,0.00604687553133166,Stable,EDS_ML,Peri_BL_095,MSRSUM_GOOD,MSR_095,G_AVG,-,N,U,PERI,BL,BL_1
ML_MSR_096,-0.000572285916882475,-0.00145693473917869,0.766057279005113,1.02177706601121,16218,9010,-0.00115480767109885,0.00115480767109885,-0.0289893466306346,0.0289893466306346,-0.00115480767109885,0.00115480767109885,Stable,EDS_ML,Peri_BL_096,MSRSUM_GOOD,MSR_096,G_AVG,-,N,U,PERI,BL,BL_1
ML_MSR_097,-0.00173190276236281,0.00599276936736959,0.577835574809168,0.816609212708675,16218,9010,0.013368287565686,0.013368287565686,-0.00122007026000922,0.00122007026000922,0.013368287565686,0.013368287565686,Stable,EDS_ML,Peri_BL_097,MSRSUM_GOOD,MSR_097,G_AVG,-,N,U,PERI,BL,BL_1
ML_MSR_098,0.00105415612282649,-0.00395988446170921,0.64792346704488,0.730718078747428,16218,9010,-0.00773863093337903,0.00773863093337903,0.00562103425055868,0.00562103425055868,-0.00773863093337903,0.00773863093337903,Stable,EDS_ML,Peri_BL_098,MSRSUM_GOOD,MSR_098,G_AVG,-,N,U,PERI,BL,BL_1
ML_MSR_099,0.111571689110864,0.115964658157603,0.618407457678992,0.669153871098302,16218,9010,0.00710368057853942,0.00710368057853942,0.0549403141539025,0.0549403141539025,0.00710368057853942,0.00710368057853942,Stable,EDS_ML,Peri_BL_099,MSRSUM_GOOD,MSR_099,G_AVG,-,N,U,PERI,BL,BL_1
ML_MSR_100,-0.000762176778887655,-0.000101453163152054,0.61594355009391,0.834653774945639,16218,9010,0.00107270157408883,0.00107270157408883,0.00406530760752057,0.00406530760752057,0.00107270157408883,0.00107270157408883,Stable,EDS_ML,Peri_BL_100,MSRSUM_GOOD,MSR_100,G_AVG,-,N,N,PERI,BL,BL_2
ML_MSR_101,0.0031939256381798,0.346037416537181,0.686186040954288,0.679732551590664,16218,9010,0.499636352879176,0.499636352879176,0.482982719291543,0.482982719291543,0.499636352879176,0.499636352879176,Stable,EDS_ML,Peri_BL_101,MSRSUM_GOOD,MSR_101,G_AVG,-,N,N,PERI,BL,BL_2
ML_MSR_102,0.00136170958194599,-0.00181878490566038,0.452369579914975,0.463920878337933,16218,9010,-0.00703074350888969,0.00703074350888969,-0.00602494093548968,0.00602494093548968,-0.00703074350888969,0.00703074350888969,Stable,EDS_ML,Peri_BL_102,MSRSUM_GOOD,MSR_102,G_AVG,-,N,N,PERI,BL,BL_2
ML_MSR_103,-0.000124004439511654,-0.00753065527192009,0.667763672473505,0.870911340138446,16218,9010,-0.0110917247189758,0.0110917247189758,-0.0156971701697593,0.0156971701697593,-0.0110917247189758,0.0110917247189758,Stable,EDS_ML,Peri_BL_103,MSRSUM_GOOD,MSR_103,G_AVG,-,N,N,PERI,BL,BL_2
ML_MSR_104,0.00457845289184856,-0.00500350577136515,0.716297119758661,0.909319202313464,16218,9010,-0.0133770727242937,0.0133770727242937,-0.0219776117560044,0.0219776117560044,-0.0133770727242937,0.0133770727242937,Stable,EDS_ML,Peri_BL_104,MSRSUM_GOOD,MSR_104,G_AVG,-,N,N,PERI,BL,BL_2
ML_MSR_105,-0.00108862288814897,-0.00161653029966704,0.622029019064738,0.588485987086279,16218,9010,-0.000848686147009361,0.000848686147009361,0.010489060477934,0.010489060477934,-0.000848686147009361,0.000848686147009361,Stable,EDS_ML,Peri_BL_105,MSRSUM_GOOD,MSR_105,G_AVG,-,N,N,PERI,BL,BL_2
ML_MSR_106,0.00195120717721051,-0.00221643928967814,0.881823355641825,0.873674855296571,16218,9010,-0.00472616929481899,0.00472616929481899,-0.00165282535405197,0.00165282535405197,-0.00472616929481899,0.00472616929481899,Stable,EDS_ML,Peri_BL_106,MSRSUM_GOOD,MSR_106,G_AVG,-,N,N,PERI,BL,BL_2
ML_MSR_107,-0.00134776285608583,-0.000862221864594895,0.602686635224015,0.8307954137713,16218,9010,0.000805627606642485,0.000805627606642485,0.022333330811288,0.022333330811288,0.000805627606642485,0.000805627606642485,Stable,EDS_ML,Peri_BL_107,MSRSUM_GOOD,MSR_107,G_AVG,-,N,N,PERI,BL,BL_2
ML_MSR_108,-0.00302415266987298,0.00752686603773585,0.777739622008312,1.08503991510491,16218,9010,0.0135662610069467,0.0135662610069467,0.0177868011459652,0.0177868011459652,0.0135662610069467,0.0135662610069467,Stable,EDS_ML,Peri_BL_108,MSRSUM_GOOD,MSR_108,G_AVG,-,N,N,PERI,BL,BL_2
ML_MSR_109,-0.000106111419410534,-0.000375619866814652,0.980112718693562,0.971618284862284,16218,9010,-0.000274976992200814,0.000274976992200814,-0.0127225162597841,0.0127225162597841,-0.000274976992200814,0.000274976992200814,Stable,EDS_ML,Peri_BL_109,MSRSUM_GOOD,MSR_109,G_AVG,-,N,N,PERI,BL,BL_2
ML_MSR_110,-0.00212843852509557,0.00302438423973363,0.728381997135663,0.724082561726342,16218,9010,0.00707434119060122,0.00707434119060122,0.0141354399758488,0.0141354399758488,0.00707434119060122,0.00707434119060122,Stable,EDS_ML,Peri_BL_110,MSRSUM_GOOD,MSR_110,G_AVG,-,N,D,PERI,BL,BL_2
ML_MSR_111,-0.000464325255888518,-0.000314079800221977,0.540216277069553,0.543002441347531,16218,9010,0.000278120934233156,0.000278120934233156,0.0113380515545099,0.0113380515545099,0.000278120934233156,0.000278120934233156,Stable,EDS_ML,Peri_BL_111,MSRSUM_GOOD,MSR_111,G_AVG,-,N,D,PERI,BL,BL_2
ML_MSR_112,-0.00210995881119743,0.00387617513873474,0.882248496417026,0.883149460538507,16218,9010,0.0067850882990937,0.0067850882990937,0.00454350448459732,0.00454350448459732,0.0067850882990937,0.0067850882990937,Stable,EDS_ML,Peri_BL_112,MSRSUM_GOOD,MSR_112,G_AVG,-,N,D,PERI,BL,BL_2
ML_MSR_113,-0.00282628949315575,0.00555693651498335,0.404047120118528,0.534382187863763,16218,9010,0.0207481394884831,0.0207481394884831,-0.00745581356727968,0.00745581356727968,0.0207481394884831,0.0207481394884831,Stable,EDS_ML,Peri_BL_113,MSRSUM_GOOD,MSR_113,G_AVG,-,N,D,PERI,BL,BL_2
ML_MSR_114,-0.000180578308052781,3.27864594894565e-05,0.50317750082871,0.522934697955095,16218,9010,0.000424034793270437,0.000424034793270437,-0.00361999492624387,0.00361999492624387,0.000424034793270437,0.000424034793270437,Stable,EDS_ML,Peri_BL_114,MSRSUM_GOOD,MSR_114,G_AVG,-,N,D,PERI,BL,BL_2
ML_MSR_115,0.00121565008015785,-0.00575357713651498,0.861707985974084,1.04445625579924,16218,9010,-0.00808769018056011,0.00808769018056011,-0.0290533456896069,0.0290533456896069,-0.00808769018056011,0.00808769018056011,Stable,EDS_ML,Peri_BL_115,MSRSUM_GOOD,MSR_115,G_AVG,-,N,D,PERI,BL,BL_2
ML_MSR_116,0.0056314120730053,-0.0109020028856826,0.740571714641305,0.750449046288872,16218,9010,-0.0223252044762415,0.0223252044762415,-0.00395775310081836,0.00395775310081836,-0.0223252044762415,0.0223252044762415,Stable,EDS_ML,Peri_BL_116,MSRSUM_GOOD,MSR_116,G_AVG,-,N,D,PERI,BL,BL_2
ML_MSR_117,-4.25388457269704e-05,-0.00283914350721421,0.647522916104639,0.638581036971934,16218,9010,-0.00431892770422863,0.00431892770422863,-0.000364465865424078,0.000364465865424078,-0.00431892770422863,0.00431892770422863,Stable,EDS_ML,Peri_BL_117,MSRSUM_GOOD,MSR_117,G_AVG,-,N,D,PERI,BL,BL_2
ML_MSR_118,-0.00238319632507091,0.00570357447280799,0.588851670282932,0.788869291874129,16218,9010,0.0137331202507982,0.0137331202507982,-0.0597714191471831,0.0597714191471831,0.0137331202507982,0.0137331202507982,Stable,EDS_ML,Peri_BL_118,MSRSUM_GOOD,MSR_118,G_AVG,-,N,D,PERI,BL,BL_2
ML_MSR_119,0.00154202114934024,-0.0053944704772475,0.610652372740853,0.810671332318848,16218,9010,-0.011359149552558,0.011359149552558,-0.0590712516813689,0.0590712516813689,-0.011359149552558,0.011359149552558,Stable,EDS_ML,Peri_BL_119,MSRSUM_GOOD,MSR_119,G_AVG,-,N,D,PERI,BL,BL_2
ML_MSR_120,0.113663401652485,0.113082569478357,0.422396240285922,0.41003958256162,16218,9010,-0.00137508840924899,0.00137508840924899,-0.00327417687019148,0.00327417687019148,-0.00137508840924899,0.00137508840924899,Stable,EDS_ML,Peri_BL_120,MSRSUM_GOOD,MSR_120,G_AVG,-,N,U,PERI,BL,BL_2
ML_MSR_121,0.00218632186459489,0.347794810210877,0.628466372988657,0.625137966102146,16218,9010,0.549923596870823,0.549923596870823,0.558146012382323,0.558146012382323,0.549923596870823,0.549923596870823,Stable,EDS_ML,Peri_BL_121,MSRSUM_GOOD,MSR_121,G_AVG,-,N,U,PERI,BL,BL_2
ML_MSR_122,-0.0022683911703046,0.354596653940067,0.483745279566546,0.477951761978532,16218,9010,0.737712718210162,0.737712718210162,0.738578783280614,0.738578783280614,0.737712718210162,0.737712718210162,Stable,EDS_ML,Peri_BL_122,MSRSUM_GOOD,MSR_122,G_AVG,-,N,U,PERI,BL,BL_2
ML_MSR_123,-0.00143517838204464,0.000689719533851276,0.584386368217886,0.638390681552277,16218,9010,0.00363611821127158,0.00363611821127158,-0.0113828801658834,0.0113828801658834,0.00363611821127158,0.00363611821127158,Stable,EDS_ML,Peri_BL_123,MSRSUM_GOOD,MSR_123,G_AVG,-,N,U,PERI,BL,BL_2
ML_MSR_124,-0.00183250030829942,0.00150091753607103,0.515294608627204,0.689575821365749,16218,9010,0.0064689554064053,0.0064689554064053,-0.0124656844695365,0.0124656844695365,0.0064689554064053,0.0064689554064053,Stable,EDS_ML,Peri_BL_124,MSRSUM_GOOD,MSR_124,G_AVG,-,N,U,PERI,BL,BL_2
ML_MSR_125,0.00203314311259095,-0.00353341165371809,1.26663920917449,1.27695064491484,16218,9010,-0.00439474376443546,0.00439474376443546,-0.0089394043054925,0.0089394043054925,-0.00439474376443546,0.00439474376443546,Stable,EDS_ML,Peri_BL_125,MSRSUM_GOOD,MSR_125,G_AVG,-,N,U,PERI,BL,BL_3
ML_MSR_126,0.00380591780737452,-0.0049396679245283,0.543270857812865,0.576159224865502,16218,9010,-0.0160980210996617,0.0160980210996617,-0.00992230656674908,0.00992230656674908,-0.0160980210996617,0.0160980210996617,Stable,EDS_ML,Peri_BL_126,MSRSUM_GOOD,MSR_126,G_AVG,-,N,U,PERI,BL,BL_3
ML_MSR_127,0.114251539030707,0.10749725427303,0.849130933699595,0.81034758169287,16218,9010,-0.00795435013567198,0.00795435013567198,0.00620457904771596,0.00620457904771596,-0.00795435013567198,0.00795435013567198,Stable,EDS_ML,Peri_BL_127,MSRSUM_GOOD,MSR_127,G_AVG,-,N,U,PERI,BL,BL_3
ML_MSR_128,0.00276037661857196,-0.00446928324084351,0.621458853702138,0.830347199183237,16218,9010,-0.0116333685107986,0.0116333685107986,-0.0148239902692182,0.0148239902692182,-0.0116333685107986,0.0116333685107986,Stable,EDS_ML,Peri_BL_128,MSRSUM_GOOD,MSR_128,G_AVG,-,N,U,PERI,BL,BL_3
ML_MSR_129,-0.00180225866321371,0.0062644640399556,0.639377806988884,0.82526296716556,16218,9010,0.0126165197086823,0.0126165197086823,-0.00274407397445139,0.00274407397445139,0.0126165197086823,0.0126165197086823,Stable,EDS_ML,Peri_BL_129,MSRSUM_GOOD,MSR_129,G_AVG,-,N,U,PERI,BL,BL_3
ML_MSR_130,-0.00401380305833025,0.00417382841287458,0.627073284322022,0.61099323146922,16218,9010,0.0130568972971909,0.0130568972971909,-0.00270064128442496,0.00270064128442496,0.0130568972971909,0.0130568972971909,Stable,EDS_ML,Peri_BL_130,MSRSUM_GOOD,MSR_130,G_AVG,-,N,N,PERI,BL,BL_3
ML_MSR_131,-0.00125073110124553,0.00121416570477247,1.24533851508885,1.2422209763516,16218,9010,0.00197929862134084,0.00197929862134084,0.00921877855771686,0.00921877855771686,0.00197929862134084,0.00197929862134084,Stable,EDS_ML,Peri_BL_131,MSRSUM_GOOD,MSR_131,G_AVG,-,N,N,PERI,BL,BL_3
ML_MSR_132,0.000515208780367493,-0.00130305416204218,0.418301143929387,0.422259698683932,16218,9010,-0.00434677975137598,0.00434677975137598,-0.0114211975495015,0.0114211975495015,-0.00434677975137598,0.00434677975137598,Stable,EDS_ML,Peri_BL_132,MSRSUM_GOOD,MSR_132,G_AVG,-,N,N,PERI,BL,BL_3
ML_MSR_133,0.00132614607226538,0.347941640732519,1.12178694176768,1.12058587740125,16218,9010,0.308985139472267,0.308985139472267,0.307292309408421,0.307292309408421,0.308985139472267,0.308985139472267,Stable,EDS_ML,Peri_BL_133,MSRSUM_GOOD,MSR_133,G_AVG,-,N,N,PERI,BL,BL_3
ML_MSR_134,0.00161180743618202,-0.00597146170921199,0.643958526445657,0.863162416940782,16218,9010,-0.0117760210230464,0.0117760210230464,-0.0249845282565068,0.0249845282565068,-0.0117760210230464,0.0117760210230464,Stable,EDS_ML,Peri_BL_134,MSRSUM_GOOD,MSR_134,G_AVG,-,N,N,PERI,BL,BL_3
ML_MSR_135,-0.00344302404735479,0.012844386681465,0.684269952035622,0.537470340616531,16218,9010,0.0238026098915592,0.0238026098915592,0.00572434897710675,0.00572434897710675,0.0238026098915592,0.0238026098915592,Stable,EDS_ML,Peri_BL_135,MSRSUM_GOOD,MSR_135,G_AVG,-,N,N,PERI,BL,BL_3
ML_MSR_136,-0.00316287458379578,0.00259616503884573,0.520758270952519,0.511616908290195,16218,9010,0.011058949888799,0.011058949888799,-0.00421116691241175,0.00421116691241175,0.011058949888799,0.011058949888799,Stable,EDS_ML,Peri_BL_136,MSRSUM_GOOD,MSR_136,G_AVG,-,N,N,PERI,BL,BL_3
ML_MSR_137,-0.00232951449007276,0.00281012452830189,0.782827795763176,0.771873006637143,16218,9010,0.00656547844390736,0.00656547844390736,0.0122070269498848,0.0122070269498848,0.00656547844390736,0.00656547844390736,Stable,EDS_ML,Peri_BL_137,MSRSUM_GOOD,MSR_137,G_AVG,-,N,N,PERI,BL,BL_3
ML_MSR_138,0.000664338204464176,-0.00011512486126526,0.609685293919546,0.817964050055119,16218,9010,-0.0012784678808938,0.0012784678808938,0.0355929529815157,0.0355929529815157,-0.0012784678808938,0.0012784678808938,Stable,EDS_ML,Peri_BL_138,MSRSUM_GOOD,MSR_138,G_AVG,-,N,N,PERI,BL,BL_3
ML_MSR_139,0.00208461659884079,0.346158712985572,0.630064060621256,0.64750971417278,16218,9010,0.546093830597902,0.546093830597902,0.55274141435175,0.55274141435175,0.546093830597902,0.546093830597902,Stable,EDS_ML,Peri_BL_139,MSRSUM_GOOD,MSR_139,G_AVG,-,N,N,PERI,BL,BL_3
ML_MSR_140,-0.00204724022690837,0.00416209689234184,0.594042716493808,0.759859057645777,16218,9010,0.0104526778072448,0.0104526778072448,-0.0131438359283063,0.0131438359283063,0.0104526778072448,0.0104526778072448,Stable,EDS_ML,Peri_BL_140,MSRSUM_GOOD,MSR_140,G_AVG,-,N,D,PERI,BL,BL_3
ML_MSR_141,0.00187575471698113,0.348879045172031,0.631084060952985,0.620054820341972,16218,9010,0.549852724740106,0.549852724740106,0.543159812153038,0.543159812153038,0.549852724740106,0.549852724740106,Stable,EDS_ML,Peri_BL_141,MSRSUM_GOOD,MSR_141,G_AVG,-,N,D,PERI,BL,BL_3
ML_MSR_142,-0.00228682821556296,0.00488730588235294,1.0409912541028,1.04539677427096,16218,9010,0.00689163724444456,0.00689163724444456,0.000429398420244424,0.000429398420244424,0.00689163724444456,0.00689163724444456,Stable,EDS_ML,Peri_BL_142,MSRSUM_GOOD,MSR_142,G_AVG,-,N,D,PERI,BL,BL_3
ML_MSR_143,-5.84733629300775e-05,0.000397274694783573,0.780482269479252,0.775188942423783,16218,9010,0.000583931340320815,0.000583931340320815,-0.00510453620254331,0.00510453620254331,0.000583931340320815,0.000583931340320815,Stable,EDS_ML,Peri_BL_143,MSRSUM_GOOD,MSR_143,G_AVG,-,N,D,PERI,BL,BL_3
ML_MSR_144,-0.000586012023677395,0.00109687602663707,0.749893315955035,0.741120118743615,16218,9010,0.0022441699565907,0.0022441699565907,-0.00531675628408862,0.00531675628408862,0.0022441699565907,0.0022441699565907,Stable,EDS_ML,Peri_BL_144,MSRSUM_GOOD,MSR_144,G_AVG,-,N,D,PERI,BL,BL_3
ML_MSR_145,0.00048052959674436,-0.000720589900110987,0.923495530589967,0.926864311758916,16218,9010,-0.00130062296683561,0.00130062296683561,0.000590149039109966,0.000590149039109966,-0.00130062296683561,0.00130062296683561,Stable,EDS_ML,Peri_BL_145,MSRSUM_GOOD,MSR_145,G_AVG,-,N,D,PERI,BL,BL_3
ML_MSR_146,0.000666579602910346,0.349997307325194,0.780390624864172,0.789449982686139,16218,9010,0.447635730866302,0.447635730866302,0.444956652394995,0.444956652394995,0.447635730866302,0.447635730866302,Stable,EDS_ML,Peri_BL_146,MSRSUM_GOOD,MSR_146,G_AVG,-,N,D,PERI,BL,BL_3
ML_MSR_147,-0.00272358447404119,0.00672354206437292,0.768031069586777,0.939935233259084,16218,9010,0.0123004483965693,0.0123004483965693,0.0511789191303788,0.0511789191303788,0.0123004483965693,0.0123004483965693,Stable,EDS_ML,Peri_BL_147,MSRSUM_GOOD,MSR_147,G_AVG,-,N,D,PERI,BL,BL_3
ML_MSR_148,-0.00136377062523122,0.00495443251942286,0.92091369380351,1.05269817981264,16218,9010,0.00686079834317478,0.00686079834317478,0.0159797819263831,0.0159797819263831,0.00686079834317478,0.00686079834317478,Stable,EDS_ML,Peri_BL_148,MSRSUM_GOOD,MSR_148,G_AVG,-,N,D,PERI,BL,BL_3
ML_MSR_149,-0.000509508694043659,0.00267616981132074,2.32321150741001,3.1309504475801,16218,9010,0.00137123912101998,0.00137123912101998,0.0413793577095235,0.0413793577095235,0.00137123912101998,0.00137123912101998,Stable,EDS_ML,Peri_BL_149,MSRSUM_GOOD,MSR_149,G_AVG,-,N,D,PERI,BL,BL_3
ML_MSR_150,0.00413665599950672,-0.00368112164261931,1.43538410552421,1.42650750419972,16218,9010,-0.00544647081714126,0.00544647081714126,-0.00769236607644304,0.00769236607644304,-0.00544647081714126,0.00544647081714126,Stable,EDS_ML,Cell_WLS_150,MSRSUM_GOOD,MSR_150,G_AVG,-,N,U,CELL,WLS,WLS_1
ML_MSR_151,0.00414055882352941,-0.00805251065482797,1.12358361170357,1.13028777927521,16218,9010,-0.0108519467099297,0.0108519467099297,-0.00593769785399837,0.00593769785399837,-0.0108519467099297,0.0108519467099297,Stable,EDS_ML,Cell_WLS_151,MSRSUM_GOOD,MSR_151,G_AVG,-,N,U,CELL,WLS,WLS_1
ML_MSR_152,-0.000983419163891972,0.00321468435072142,0.37380021919678,0.514650631463573,16218,9010,0.0112308749407217,0.0112308749407217,-0.0119836740856534,0.0119836740856534,0.0112308749407217,0.0112308749407217,Stable,EDS_ML,Cell_WLS_152,MSRSUM_GOOD,MSR_152,G_AVG,-,N,U,CELL,WLS,WLS_1
ML_MSR_153,-0.000317565421137011,0.352597206770255,0.741026492189475,0.740660295461898,16218,9010,0.476251221665034,0.476251221665034,0.483770828409651,0.483770828409651,0.476251221665034,0.476251221665034,Stable,EDS_ML,Cell_WLS_153,MSRSUM_GOOD,MSR_153,G_AVG,-,N,U,CELL,WLS,WLS_1
ML_MSR_154,0.000998098470834875,-0.000823292008879023,1.01944008232302,1.01021590106359,16218,9010,-0.00178665770681045,0.00178665770681045,-0.0087592200413115,0.0087592200413115,-0.00178665770681045,0.00178665770681045,Stable,EDS_ML,Cell_WLS_154,MSRSUM_GOOD,MSR_154,G_AVG,-,N,U,CELL,WLS,WLS_1
ML_MSR_155,-0.000874179615242323,0.0016960923418424,0.795122997653499,1.06119814809062,16218,9010,0.00323254636662491,0.00323254636662491,0.0373665459151359,0.0373665459151359,0.00323254636662491,0.00323254636662491,Stable,EDS_ML,Cell_WLS_155,MSRSUM_GOOD,MSR_155,G_AVG,-,N,U,CELL,WLS,WLS_1
ML_MSR_156,-0.00116916216549513,0.00225213829078801,0.395437112750489,0.5295625058781,16218,9010,0.00865194577333943,0.00865194577333943,0.0145686882041217,0.0145686882041217,0.00865194577333943,0.00865194577333943,Stable,EDS_ML,Cell_WLS_156,MSRSUM_GOOD,MSR_156,G_AVG,-,N,U,CELL,WLS,WLS_1
ML_MSR_157,-0.00186505629547416,0.00185886759156493,1.18559807226707,1.18311866868465,16218,9010,0.0031409665502562,0.0031409665502562,0.00623524967939957,0.00623524967939957,0.0031409665502562,0.0031409665502562,Stable,EDS_ML,Cell_WLS_157,MSRSUM_GOOD,MSR_157,G_AVG,-,N,U,CELL,WLS,WLS_1
ML_MSR_158,-0.000540972253052166,0.00017673706992231,1.3700276118821,1.37547125556815,16218,9010,0.000523864859912212,0.000523864859912212,-0.00059524347752356,0.00059524347752356,0.000523864859912212,0.000523864859912212,Stable,EDS_ML,Cell_WLS_158,MSRSUM_GOOD,MSR_158,G_AVG,-,N,U,CELL,WLS,WLS_1
ML_MSR_159,-0.00374776421260328,0.00755851675915649,0.832919574469434,0.845765352998066,16218,9010,0.0135742769389972,0.0135742769389972,0.0189117899048464,0.0189117899048464,0.0135742769389972,0.0135742769389972,Stable,EDS_ML,Cell_WLS_159,MSRSUM_GOOD,MSR_159,G_AVG,-,N,U,CELL,WLS,WLS_1
ML_MSR_160,-0.0011208899987668,0.00440474705882353,0.479579484955044,0.721348323377496,16218,9010,0.0115218378411418,0.0115218378411418,-0.0235279038282001,0.0235279038282001,0.0115218378411418,0.0115218378411418,Stable,EDS_ML,Cell_WLS_160,MSRSUM_GOOD,MSR_160,G_AVG,-,N,N,CELL,WLS,WLS_1
ML_MSR_161,0.00396789887779011,-0.00292471387347392,1.11677490982977,1.1063822585873,16218,9010,-0.00617189076383768,0.00617189076383768,-0.0174632325890745,0.0174632325890745,-0.00617189076383768,0.00617189076383768,Stable,EDS_ML,Cell_WLS_161,MSRSUM_GOOD,MSR_161,G_AVG,-,N,N,CELL,WLS,WLS_1
ML_MSR_162,-0.00203619928474535,0.00477904173140955,0.991553307581217,1.36469292514141,16218,9010,0.00687329764728425,0.00687329764728425,0.0297129763722631,0.0297129763722631,0.00687329764728425,0.00687329764728425,Stable,EDS_ML,Cell_WLS_162,MSRSUM_GOOD,MSR_162,G_AVG,-,N,N,CELL,WLS,WLS_1
ML_MSR_163,0.00686862578616352,-0.0150078411764706,0.61209471507029,0.849619458758921,16218,9010,-0.0357403297627262,0.0357403297627262,0.0182455422748055,0.0182455422748055,-0.0357403297627262,0.0357403297627262,Stable,EDS_ML,Cell_WLS_163,MSRSUM_GOOD,MSR_163,G_AVG,-,N,N,CELL,WLS,WLS_1
ML_MSR_164,-0.0014808210630164,0.00166169134295228,0.959257922014126,0.963595733696004,16218,9010,0.00327598275067715,0.00327598275067715,-0.0141166413007748,0.0141166413007748,0.00327598275067715,0.00327598275067715,Stable,EDS_ML,Cell_WLS_164,MSRSUM_GOOD,MSR_164,G_AVG,-,N,N,CELL,WLS,WLS_1
ML_MSR_165,0.00150359742261685,-0.000633685127635959,1.07926323617295,1.08112590664589,16218,9010,-0.00198031627374947,0.00198031627374947,0.00929661982703924,0.00929661982703924,-0.00198031627374947,0.00198031627374947,Stable,EDS_ML,Cell_WLS_165,MSRSUM_GOOD,MSR_165,G_AVG,-,N,N,CELL,WLS,WLS_1
ML_MSR_166,-0.000736066346035272,0.00296800921198669,1.8244745681518,1.82189747847524,16218,9010,0.00203021495759965,0.00203021495759965,0.00384987553272136,0.00384987553272136,0.00203021495759965,0.00203021495759965,Stable,EDS_ML,Cell_WLS_166,MSRSUM_GOOD,MSR_166,G_AVG,-,N,N,CELL,WLS,WLS_1
ML_MSR_167,0.00293297724750278,0.343935971032187,0.999726094071518,1.00695560708751,16218,9010,0.341096422116885,0.341096422116885,0.34276638574514,0.34276638574514,0.341096422116885,0.341096422116885,Stable,EDS_ML,Cell_WLS_167,MSRSUM_GOOD,MSR_167,G_AVG,-,N,N,CELL,WLS,WLS_1
ML_MSR_168,0.00185709329140461,-0.00225987069922308,0.84575791066734,0.841150381169005,16218,9010,-0.00486778064822265,0.00486778064822265,0.00482939615282718,0.00482939615282718,-0.00486778064822265,0.00486778064822265,Stable,EDS_ML,Cell_WLS_168,MSRSUM_GOOD,MSR_168,G_AVG,-,N,N,CELL,WLS,WLS_1
ML_MSR_169,-0.00158853539277346,0.000425677802441733,0.653501374316245,0.652832232419456,16218,9010,0.00308218662481415,0.00308218662481415,0.00337872281035402,0.00337872281035402,0.00308218662481415,0.00308218662481415,Stable,EDS_ML,Cell_WLS_169,MSRSUM_GOOD,MSR_169,G_AVG,-,N,N,CELL,WLS,WLS_1
ML_MSR_170,0.00177255012948576,-0.00584415049944506,0.611935730570903,0.842835727562145,16218,9010,-0.0124468963788482,0.0124468963788482,-0.00090940922747037,0.00090940922747037,-0.0124468963788482,0.0124468963788482,Stable,EDS_ML,Cell_WLS_170,MSRSUM_GOOD,MSR_170,G_AVG,-,N,D,CELL,WLS,WLS_1
ML_MSR_171,0.00603522222222222,-0.0116329110987791,1.33536020747309,1.85896949872531,16218,9010,-0.0132309868319612,0.0132309868319612,-0.0908069592918763,0.0908069592918763,-0.0132309868319612,0.0132309868319612,Stable,EDS_ML,Cell_WLS_171,MSRSUM_GOOD,MSR_171,G_AVG,-,N,D,CELL,WLS,WLS_1
ML_MSR_172,0.00026978295720804,0.000764706548279689,0.729594459935685,0.724668231726325,16218,9010,0.000678354371160216,0.000678354371160216,-0.00439627789975646,0.00439627789975646,0.000678354371160216,0.000678354371160216,Stable,EDS_ML,Cell_WLS_172,MSRSUM_GOOD,MSR_172,G_AVG,-,N,D,CELL,WLS,WLS_1
ML_MSR_173,-0.00186494857565668,0.00297601065482797,1.08560997712915,1.09702083405064,16218,9010,0.00445920665107218,0.00445920665107218,0.00140381908061505,0.00140381908061505,0.00445920665107218,0.00445920665107218,Stable,EDS_ML,Cell_WLS_173,MSRSUM_GOOD,MSR_173,G_AVG,-,N,D,CELL,WLS,WLS_1
ML_MSR_174,-0.000501121223332102,0.352906325860155,1.06812677186581,1.06536114905883,16218,9010,0.330866575384263,0.330866575384263,0.334220627553796,0.334220627553796,0.330866575384263,0.330866575384263,Stable,EDS_ML,Cell_WLS_174,MSRSUM_GOOD,MSR_174,G_AVG,-,N,D,CELL,WLS,WLS_1
ML_MSR_175,0.00341543834011592,-0.00665267702552719,0.855591890228819,0.808978159043699,16218,9010,-0.0117674272987212,0.0117674272987212,0.00647680285809861,0.00647680285809861,-0.0117674272987212,0.0117674272987212,Stable,EDS_ML,Cell_WLS_175,MSRSUM_GOOD,MSR_175,G_AVG,-,N,D,CELL,WLS,WLS_2
ML_MSR_176,-0.00050947737082254,0.352992829078801,1.089061440634,1.09468592199023,16218,9010,0.324593538307474,0.324593538307474,0.332763594851939,0.332763594851939,0.324593538307474,0.324593538307474,Stable,EDS_ML,Cell_WLS_176,MSRSUM_GOOD,MSR_176,G_AVG,-,N,D,CELL,WLS,WLS_2
ML_MSR_177,-0.0067603745221359,0.0140573677025527,0.848218069090477,0.890164018422794,16218,9010,0.0245429129410211,0.0245429129410211,0.019128335732576,0.019128335732576,0.0245429129410211,0.0245429129410211,Stable,EDS_ML,Cell_WLS_177,MSRSUM_GOOD,MSR_177,G_AVG,-,N,D,CELL,WLS,WLS_2
ML_MSR_178,0.112495458872857,0.114374771809101,0.476531366659735,0.613222703332094,16218,9010,0.00394373396533536,0.00394373396533536,-0.105952102070233,0.105952102070233,0.00394373396533536,0.00394373396533536,Stable,EDS_ML,Cell_WLS_178,MSRSUM_GOOD,MSR_178,G_AVG,-,N,D,CELL,WLS,WLS_2
ML_MSR_179,0.00178920335429769,-0.00331463418423973,0.565652462340536,0.552843751272802,16218,9010,-0.0090229211014462,0.0090229211014462,-0.0112604477555786,0.0112604477555786,-0.0090229211014462,0.0090229211014462,Stable,EDS_ML,Cell_WLS_179,MSRSUM_GOOD,MSR_179,G_AVG,-,N,D,CELL,WLS,WLS_2
ML_MSR_180,0.000550894746577876,0.00198590099889012,0.816491928097898,0.836397004570118,16218,9010,0.0017575265632512,0.0017575265632512,-0.0167637909561291,0.0167637909561291,0.0017575265632512,0.0017575265632512,Stable,EDS_ML,Cell_WLS_180,MSRSUM_GOOD,MSR_180,G_AVG,-,N,U,CELL,WLS,WLS_2
ML_MSR_181,0.00154220181280059,-0.00349790210876804,0.388931295314719,0.409601103154499,16218,9010,-0.0129588541274115,0.0129588541274115,-0.0207620217176553,0.0207620217176553,-0.0129588541274115,0.0129588541274115,Stable,EDS_ML,Cell_WLS_181,MSRSUM_GOOD,MSR_181,G_AVG,-,N,U,CELL,WLS,WLS_2
ML_MSR_182,-0.000213750339129361,3.58028856825757e-05,0.81338794843986,0.809265609201753,16218,9010,0.00030680713341106,0.00030680713341106,0.0111447434368647,0.0111447434368647,0.00030680713341106,0.00030680713341106,Stable,EDS_ML,Cell_WLS_182,MSRSUM_GOOD,MSR_182,G_AVG,-,N,U,CELL,WLS,WLS_2
ML_MSR_183,-0.000498298557158711,0.350281543840178,1.45741988731246,1.45547082661674,16218,9010,0.240685505564349,0.240685505564349,0.2301804050572,0.2301804050572,0.240685505564349,0.240685505564349,Stable,EDS_ML,Cell_WLS_183,MSRSUM_GOOD,MSR_183,G_AVG,-,N,U,CELL,WLS,WLS_2
ML_MSR_184,0.00214306110494512,-0.00240862918978912,0.667962582823087,0.640459525780774,16218,9010,-0.00681428932066361,0.00681428932066361,0.00759473678684125,0.00759473678684125,-0.00681428932066361,0.00681428932066361,Stable,EDS_ML,Cell_WLS_184,MSRSUM_GOOD,MSR_184,G_AVG,-,N,U,CELL,WLS,WLS_2
ML_MSR_185,0.00329529380934764,-0.0060952448390677,0.62358167913608,0.659659560539503,16218,9010,-0.0150590355082676,0.0150590355082676,-0.013675032935243,0.013675032935243,-0.0150590355082676,0.0150590355082676,Stable,EDS_ML,Cell_WLS_185,MSRSUM_GOOD,MSR_185,G_AVG,-,N,U,CELL,WLS,WLS_2
ML_MSR_186,-0.00234566241213467,0.00536502530521642,1.03940742524821,1.40342192733102,16218,9010,0.00741834965774826,0.00741834965774826,0.105460089409909,0.105460089409909,0.00741834965774826,0.00741834965774826,Stable,EDS_ML,Cell_WLS_186,MSRSUM_GOOD,MSR_186,G_AVG,-,N,U,CELL,WLS,WLS_2
ML_MSR_187,0.000220053644099149,0.00133925582685905,0.628246674283745,0.857466385741151,16218,9010,0.00178146933135123,0.00178146933135123,0.00304418642912899,0.00304418642912899,0.00178146933135123,0.00178146933135123,Stable,EDS_ML,Cell_WLS_187,MSRSUM_GOOD,MSR_187,G_AVG,-,N,U,CELL,WLS,WLS_2
ML_MSR_188,0.115093283820446,0.10591122563818,0.692760177785067,0.587989661375518,16218,9010,-0.0132543100436634,0.0132543100436634,0.0306238734273524,0.0306238734273524,-0.0132543100436634,0.0132543100436634,Stable,EDS_ML,Cell_WLS_188,MSRSUM_GOOD,MSR_188,G_AVG,-,N,U,CELL,WLS,WLS_2
ML_MSR_189,-0.000200304044888395,-0.00228121309655938,0.693310345203805,0.712901881260329,16218,9010,-0.00300141064685726,0.00300141064685726,-0.00957940415276462,0.00957940415276462,-0.00300141064685726,0.00300141064685726,Stable,EDS_ML,Cell_WLS_189,MSRSUM_GOOD,MSR_189,G_AVG,-,N,U,CELL,WLS,WLS_2
ML_MSR_190,0.000483445246022938,-0.00144863873473918,0.458668600202608,0.625839888482971,16218,9010,-0.00421237464240773,0.00421237464240773,-0.0326651966002943,0.0326651966002943,-0.00421237464240773,0.00421237464240773,Stable,EDS_ML,Cell_WLS_190,MSRSUM_GOOD,MSR_190,G_AVG,-,N,N,CELL,WLS,WLS_2
ML_MSR_191,-0.000600278579356273,0.000455204772475033,0.947919460032118,0.963860891727818,16218,9010,0.00111347366135467,0.00111347366135467,0.00227498230696407,0.00227498230696407,0.00111347366135467,0.00111347366135467,Stable,EDS_ML,Cell_WLS_191,MSRSUM_GOOD,MSR_191,G_AVG,-,N,N,CELL,WLS,WLS_2
ML_MSR_192,-0.00266305931680848,0.00385538290788013,0.598301188570405,0.606856163409491,16218,9010,0.0108949177257427,0.0108949177257427,0.0024377354213268,0.0024377354213268,0.0108949177257427,0.0108949177257427,Stable,EDS_ML,Cell_WLS_192,MSRSUM_GOOD,MSR_192,G_AVG,-,N,N,CELL,WLS,WLS_2
ML_MSR_193,0.004626323406092,0.341038655493896,0.64963889643683,0.637028587327771,16218,9010,0.517845119701074,0.517845119701074,0.523187576766425,0.523187576766425,0.517845119701074,0.517845119701074,Stable,EDS_ML,Cell_WLS_193,MSRSUM_GOOD,MSR_193,G_AVG,-,N,N,CELL,WLS,WLS_2
ML_MSR_194,-0.000105920458749538,0.00290834572697003,1.46351341650606,1.47174033926374,16218,9010,0.00205960953396364,0.00205960953396364,0.00290943694261812,0.00290943694261812,0.00205960953396364,0.00205960953396364,Stable,EDS_ML,Cell_WLS_194,MSRSUM_GOOD,MSR_194,G_AVG,-,N,N,CELL,WLS,WLS_2
ML_MSR_195,-0.000295384387717349,0.00319951964483907,0.91880326101155,1.06734330393525,16218,9010,0.00380375667007182,0.00380375667007182,0.00950421093454329,0.00950421093454329,0.00380375667007182,0.00380375667007182,Stable,EDS_ML,Cell_WLS_195,MSRSUM_GOOD,MSR_195,G_AVG,-,N,N,CELL,WLS,WLS_2
ML_MSR_196,-0.000925439758293255,0.350794966370699,0.640334355891625,0.643289908536573,16218,9010,0.549276175630534,0.549276175630534,0.53992964272327,0.53992964272327,0.549276175630534,0.549276175630534,Stable,EDS_ML,Cell_WLS_196,MSRSUM_GOOD,MSR_196,G_AVG,-,N,N,CELL,WLS,WLS_2
ML_MSR_197,0.115043946232581,0.109277581354051,0.452744235741735,0.621006758091932,16218,9010,-0.0127364733182808,0.0127364733182808,-0.071066614348579,0.071066614348579,-0.0127364733182808,0.0127364733182808,Stable,EDS_ML,Cell_WLS_197,MSRSUM_GOOD,MSR_197,G_AVG,-,N,N,CELL,WLS,WLS_2
ML_MSR_198,-0.00250885041312122,0.00576903562708102,1.03818602990272,1.04035628802316,16218,9010,0.00797341305100969,0.00797341305100969,-0.000104990817503306,0.000104990817503306,0.00797341305100969,0.00797341305100969,Stable,EDS_ML,Cell_WLS_198,MSRSUM_GOOD,MSR_198,G_AVG,-,N,N,CELL,WLS,WLS_2
ML_MSR_199,-0.00295750203477618,0.0044749461709212,0.830749635183812,0.823266813911368,16218,9010,0.00894667646053538,0.00894667646053538,0.00431116650350086,0.00431116650350086,0.00894667646053538,0.00894667646053538,Stable,EDS_ML,Cell_WLS_199,MSRSUM_GOOD,MSR_199,G_AVG,-,N,N,CELL,WLS,WLS_2
ML_MSR_200,-0.00168118855592552,0.00150283951165372,0.833067999104554,0.833693594127776,16218,9010,0.00382205062612136,0.00382205062612136,0.00838346930563523,0.00838346930563523,0.00382205062612136,0.00382205062612136,Stable,EDS_ML,Cell_TCMC_200,MSRSUM_GOOD,MSR_200,G_AVG,-,N,D,CELL,TCMC,TCMC_1
ML_MSR_201,-0.00274243753853743,0.00663064950055494,0.612824648735625,0.812173100347662,16218,9010,0.0152948923618377,0.0152948923618377,0.0251107719504257,0.0251107719504257,0.0152948923618377,0.0152948923618377,Stable,EDS_ML,Cell_TCMC_201,MSRSUM_GOOD,MSR_201,G_AVG,-,N,D,CELL,TCMC,TCMC_1
ML_MSR_202,-0.00286606116660501,0.352951163041066,0.902392906803402,0.893081140101125,16218,9010,0.394304101378747,0.394304101378747,0.414205937548922,0.414205937548922,0.394304101378747,0.394304101378747,Stable,EDS_ML,Cell_TCMC_202,MSRSUM_GOOD,MSR_202,G_AVG,-,N,D,CELL,TCMC,TCMC_1
ML_MSR_203,-0.00281491626587742,0.350212895671476,0.594707925639647,0.567738881857482,16218,9010,0.593615448386112,0.593615448386112,0.601967763612623,0.601967763612623,0.593615448386112,0.593615448386112,Stable,EDS_ML,Cell_TCMC_203,MSRSUM_GOOD,MSR_203,G_AVG,-,N,D,CELL,TCMC,TCMC_1
ML_MSR_204,0.00140942970773215,-0.0038150230854606,0.747853866672955,0.747686347562614,16218,9010,-0.00698592736631188,0.00698592736631188,0.0036491086315309,0.0036491086315309,-0.00698592736631188,0.00698592736631188,Stable,EDS_ML,Cell_TCMC_204,MSRSUM_GOOD,MSR_204,G_AVG,-,N,D,CELL,TCMC,TCMC_1
ML_MSR_205,-0.00174485719570847,0.351624247169811,0.965718202878517,0.972299654401585,16218,9010,0.365913268810956,0.365913268810956,0.362062140858273,0.362062140858273,0.365913268810956,0.365913268810956,Stable,EDS_ML,Cell_TCMC_205,MSRSUM_GOOD,MSR_205,G_AVG,-,N,D,CELL,TCMC,TCMC_1
ML_MSR_206,-0.00284105752867185,0.00673876004439512,0.43993369636614,0.610227055860832,16218,9010,0.0217755940320017,0.0217755940320017,0.0177867711990117,0.0177867711990117,0.0217755940320017,0.0217755940320017,Stable,EDS_ML,Cell_TCMC_206,MSRSUM_GOOD,MSR_206,G_AVG,-,N,D,CELL,TCMC,TCMC_1
ML_MSR_207,-0.00028124078184733,0.348835940066593,0.518816503051863,0.501657983862438,16218,9010,0.672910708882252,0.672910708882252,0.675305234006746,0.675305234006746,0.672910708882252,0.672910708882252,Stable,EDS_ML,Cell_TCMC_207,MSRSUM_GOOD,MSR_207,G_AVG,-,N,D,CELL,TCMC,TCMC_1
ML_MSR_208,0.000100462264150941,-0.000504208324084352,0.803798220773753,0.815057496909423,16218,9010,-0.000752266641811205,0.000752266641811205,-0.0209082323967105,0.0209082323967105,-0.000752266641811205,0.000752266641811205,Stable,EDS_ML,Cell_TCMC_208,MSRSUM_GOOD,MSR_208,G_AVG,-,N,D,CELL,TCMC,TCMC_1
ML_MSR_209,0.114247433592305,0.11466062963374,0.58416792679358,0.513495278924818,16218,9010,0.000707324080086733,0.000707324080086733,0.0347614086097805,0.0347614086097805,0.000707324080086733,0.000707324080086733,Stable,EDS_ML,Cell_TCMC_209,MSRSUM_GOOD,MSR_209,G_AVG,-,N,D,CELL,TCMC,TCMC_1
ML_MSR_210,1.62188309285966e-05,0.35015244472808,0.966419435543069,0.952941285123043,16218,9010,0.362302550031391,0.362302550031391,0.353687526791019,0.353687526791019,0.362302550031391,0.362302550031391,Stable,EDS_ML,Cell_TCMC_210,MSRSUM_GOOD,MSR_210,G_AVG,-,N,U,CELL,TCMC,TCMC_1
ML_MSR_211,0.00693287532371439,-0.0175971681465039,0.819168786186942,1.09502501626059,16218,9010,-0.0299450417103909,0.0299450417103909,-0.0743753925043918,0.0743753925043918,-0.0299450417103909,0.0299450417103909,Stable,EDS_ML,Cell_TCMC_211,MSRSUM_GOOD,MSR_211,G_AVG,-,N,U,CELL,TCMC,TCMC_1
ML_MSR_212,-0.00131127598964114,0.353897503551609,0.538406572761542,0.539232118699635,16218,9010,0.659740793503594,0.659740793503594,0.659743060301236,0.659743060301236,0.659740793503594,0.659740793503594,Stable,EDS_ML,Cell_TCMC_212,MSRSUM_GOOD,MSR_212,G_AVG,-,N,U,CELL,TCMC,TCMC_1
ML_MSR_213,0.00113918935750401,0.00267862963374029,0.991109485132965,1.17503153537762,16218,9010,0.00155324946368539,0.00155324946368539,0.0204482958785135,0.0204482958785135,0.00155324946368539,0.00155324946368539,Stable,EDS_ML,Cell_TCMC_213,MSRSUM_GOOD,MSR_213,G_AVG,-,N,U,CELL,TCMC,TCMC_1
ML_MSR_214,-0.000561389875447034,-0.00217247158712542,0.763553515640018,0.951410206185094,16218,9010,-0.00210997877513269,0.00210997877513269,0.0406808420939081,0.0406808420939081,-0.00210997877513269,0.00210997877513269,Stable,EDS_ML,Cell_TCMC_214,MSRSUM_GOOD,MSR_214,G_AVG,-,N,U,CELL,TCMC,TCMC_1
ML_MSR_215,-0.00345543353064496,0.0036547538290788,0.62622586302804,0.618134231392795,16218,9010,0.0113540301982152,0.0113540301982152,0.00908218637361731,0.00908218637361731,0.0113540301982152,0.0113540301982152,Stable,EDS_ML,Cell_TCMC_215,MSRSUM_GOOD,MSR_215,G_AVG,-,N,U,CELL,TCMC,TCMC_1
ML_MSR_216,0.000815917129115797,-0.00081569012208657,0.860835710333718,0.858109122451575,16218,9010,-0.00189537589067936,0.00189537589067936,0.021740501439868,0.021740501439868,-0.00189537589067936,0.00189537589067936,Stable,EDS_ML,Cell_TCMC_216,MSRSUM_GOOD,MSR_216,G_AVG,-,N,U,CELL,TCMC,TCMC_1
ML_MSR_217,-0.00585232081637687,0.014901497336293,0.563102703699142,0.787919477868668,16218,9010,0.0368561862984027,0.0368561862984027,-0.00344075776456434,0.00344075776456434,0.0368561862984027,0.0368561862984027,Stable,EDS_ML,Cell_TCMC_217,MSRSUM_GOOD,MSR_217,G_AVG,-,N,U,CELL,TCMC,TCMC_1
ML_MSR_218,7.93333949932169e-05,0.349428230521643,0.960987599975057,0.958836411235504,16218,9010,0.363531118544836,0.363531118544836,0.368890295784463,0.368890295784463,0.363531118544836,0.363531118544836,Stable,EDS_ML,Cell_TCMC_218,MSRSUM_GOOD,MSR_218,G_AVG,-,N,U,CELL,TCMC,TCMC_1
ML_MSR_219,-0.000638833333333334,0.352261362153163,0.668175816791058,0.655846969647107,16218,9010,0.528154696141675,0.528154696141675,0.531637768193999,0.531637768193999,0.528154696141675,0.528154696141675,Stable,EDS_ML,Cell_TCMC_219,MSRSUM_GOOD,MSR_219,G_AVG,-,N,U,CELL,TCMC,TCMC_1
ML_MSR_220,-0.000426019176223948,0.00102498523862375,0.529542009673493,0.53570900034917,16218,9010,0.00274011199931496,0.00274011199931496,0.0014739151677149,0.0014739151677149,0.00274011199931496,0.00274011199931496,Stable,EDS_ML,Cell_TCMC_220,MSRSUM_GOOD,MSR_220,G_AVG,-,N,N,CELL,TCMC,TCMC_1
ML_MSR_221,-0.0057913977679122,0.006504643618202,0.802755968198452,0.796341602946544,16218,9010,0.0153172842971308,0.0153172842971308,0.00383491387414881,0.00383491387414881,0.0153172842971308,0.0153172842971308,Stable,EDS_ML,Cell_TCMC_221,MSRSUM_GOOD,MSR_221,G_AVG,-,N,N,CELL,TCMC,TCMC_1
ML_MSR_222,-0.00216574855099272,0.00476303540510544,0.719098924658937,0.666731216471399,16218,9010,0.00963536965290892,0.00963536965290892,-0.00165554412498203,0.00165554412498203,0.00963536965290892,0.00963536965290892,Stable,EDS_ML,Cell_TCMC_222,MSRSUM_GOOD,MSR_222,G_AVG,-,N,N,CELL,TCMC,TCMC_1
ML_MSR_223,0.00413264607226538,-0.00405217103218646,0.523297982283252,0.515098640273142,16218,9010,-0.015640834441478,0.015640834441478,-0.0300526669936356,0.0300526669936356,-0.015640834441478,0.015640834441478,Stable,EDS_ML,Cell_TCMC_223,MSRSUM_GOOD,MSR_223,G_AVG,-,N,N,CELL,TCMC,TCMC_1
ML_MSR_224,0.00200618985078308,-0.00577702364039956,1.09231770886972,1.06718844044448,16218,9010,-0.00712541179913335,0.00712541179913335,-0.00266817975789826,0.00266817975789826,-0.00712541179913335,0.00712541179913335,Stable,EDS_ML,Cell_TCMC_224,MSRSUM_GOOD,MSR_224,G_AVG,-,N,N,CELL,TCMC,TCMC_1
ML_MSR_225,0.00123768140337896,0.00333959977802442,0.597626290589852,0.811724712442891,16218,9010,0.00351711162601444,0.00351711162601444,0.0240292306849926,0.0240292306849926,0.00351711162601444,0.00351711162601444,Stable,EDS_ML,Cell_TCMC_225,MSRSUM_GOOD,MSR_225,G_AVG,-,N,N,CELL,TCMC,TCMC_2
ML_MSR_226,0.000982445615982241,0.00215451720310766,0.64778431137309,0.668500052369563,16218,9010,0.00180935469808,0.00180935469808,0.00303650453625624,0.00303650453625624,0.00180935469808,0.00180935469808,Stable,EDS_ML,Cell_TCMC_226,MSRSUM_GOOD,MSR_226,G_AVG,-,N,N,CELL,TCMC,TCMC_2
ML_MSR_227,0.00122638272290048,-0.0020046295227525,0.499380428961562,0.499018108328759,16218,9010,-0.00647004179232998,0.00647004179232998,-0.00982817850953022,0.00982817850953022,-0.00647004179232998,0.00647004179232998,Stable,EDS_ML,Cell_TCMC_227,MSRSUM_GOOD,MSR_227,G_AVG,-,N,N,CELL,TCMC,TCMC_2
ML_MSR_228,-0.0023792614379085,0.00114323274139845,0.947090835283684,1.29236672204049,16218,9010,0.00371927807563658,0.00371927807563658,0.0754209599954626,0.0754209599954626,0.00371927807563658,0.00371927807563658,Stable,EDS_ML,Cell_TCMC_228,MSRSUM_GOOD,MSR_228,G_AVG,-,N,N,CELL,TCMC,TCMC_2
ML_MSR_229,0.000417572450363794,-0.00385722352941177,0.521617529958992,0.668808432817975,16218,9010,-0.00819526901274126,0.00819526901274126,-0.00393199975499528,0.00393199975499528,-0.00819526901274126,0.00819526901274126,Stable,EDS_ML,Cell_TCMC_229,MSRSUM_GOOD,MSR_229,G_AVG,-,N,N,CELL,TCMC,TCMC_2
ML_MSR_230,-0.00305577592798125,0.00670276126526083,0.900696093748928,0.908238671383017,16218,9010,0.0108344393419367,0.0108344393419367,0.0121667009283763,0.0121667009283763,0.0108344393419367,0.0108344393419367,Stable,EDS_ML,Cell_TCMC_230,MSRSUM_GOOD,MSR_230,G_AVG,-,N,D,CELL,TCMC,TCMC_2
ML_MSR_231,-0.000546247872734,-0.000150139844617092,0.456557440619724,0.466524011247373,16218,9010,0.000867597355503037,0.000867597355503037,0.00566960423750057,0.00566960423750057,0.000867597355503037,0.000867597355503037,Stable,EDS_ML,Cell_TCMC_231,MSRSUM_GOOD,MSR_231,G_AVG,-,N,D,CELL,TCMC,TCMC_2
ML_MSR_232,-0.0025304240966827,0.00219132752497225,0.747733419076048,0.757071425461822,16218,9010,0.00631475269286409,0.00631475269286409,0.00713623313318474,0.00713623313318474,0.00631475269286409,0.00631475269286409,Stable,EDS_ML,Cell_TCMC_232,MSRSUM_GOOD,MSR_232,G_AVG,-,N,D,CELL,TCMC,TCMC_2
ML_MSR_233,-0.00135241201134542,0.00495037036625971,0.73170948514878,0.920799779346265,16218,9010,0.00861377705978975,0.00861377705978975,0.0417822928642009,0.0417822928642009,0.00861377705978975,0.00861377705978975,Stable,EDS_ML,Cell_TCMC_233,MSRSUM_GOOD,MSR_233,G_AVG,-,N,D,CELL,TCMC,TCMC_2
ML_MSR_234,0.00123618682944876,0.347662971587125,0.524030295749607,0.521476615100986,16218,9010,0.661081596937302,0.661081596937302,0.656346594442595,0.656346594442595,0.661081596937302,0.661081596937302,Stable,EDS_ML,Cell_TCMC_234,MSRSUM_GOOD,MSR_234,G_AVG,-,N,D,CELL,TCMC,TCMC_2
ML_MSR_235,0.0019717974472808,0.347038193340733,0.520857098560656,0.536411942183452,16218,9010,0.662497250871713,0.662497250871713,0.673401593199472,0.673401593199472,0.662497250871713,0.662497250871713,Stable,EDS_ML,Cell_TCMC_235,MSRSUM_GOOD,MSR_235,G_AVG,-,N,D,CELL,TCMC,TCMC_2
ML_MSR_236,-0.00191578357380688,0.00431598701442841,0.745192511390804,0.725248207330317,16218,9010,0.00836263179376898,0.00836263179376898,0.0167996857303825,0.0167996857303825,0.00836263179376898,0.00836263179376898,Stable,EDS_ML,Cell_TCMC_236,MSRSUM_GOOD,MSR_236,G_AVG,-,N,D,CELL,TCMC,TCMC_2
ML_MSR_237,0.00350010741151807,1.10052164261937e-05,0.710841711628971,0.916713176446563,16218,9010,-0.00490840947852682,0.00490840947852682,-0.0531693615916104,0.0531693615916104,-0.00490840947852682,0.00490840947852682,Stable,EDS_ML,Cell_TCMC_237,MSRSUM_GOOD,MSR_237,G_AVG,-,N,D,CELL,TCMC,TCMC_2
ML_MSR_238,0.00198060993957331,-0.00584678990011099,0.650764449044518,0.661232452967371,16218,9010,-0.0120280077548441,0.0120280077548441,-0.0215277586545629,0.0215277586545629,-0.0120280077548441,0.0120280077548441,Stable,EDS_ML,Cell_TCMC_238,MSRSUM_GOOD,MSR_238,G_AVG,-,N,D,CELL,TCMC,TCMC_2
ML_MSR_239,-0.00239026217782711,0.00498125327413984,0.556703992543713,0.562732804706973,16218,9010,0.0132413554612474,0.0132413554612474,0.0153106500297476,0.0153106500297476,0.0132413554612474,0.0132413554612474,Stable,EDS_ML,Cell_TCMC_239,MSRSUM_GOOD,MSR_239,G_AVG,-,N,D,CELL,TCMC,TCMC_2
ML_MSR_240,0.000281150635096806,-0.00268518923418424,0.572842578742663,0.58458770447086,16218,9010,-0.00517828104850706,0.00517828104850706,0.0018189988640284,0.0018189988640284,-0.00517828104850706,0.00517828104850706,Stable,EDS_ML,Cell_TCMC_240,MSRSUM_GOOD,MSR_240,G_AVG,-,N,U,CELL,TCMC,TCMC_2
ML_MSR_241,0.000589914416080898,0.350981041620422,0.910410038658293,0.903843521847788,16218,9010,0.384871774613477,0.384871774613477,0.390219774513428,0.390219774513428,0.384871774613477,0.384871774613477,Stable,EDS_ML,Cell_TCMC_241,MSRSUM_GOOD,MSR_241,G_AVG,-,N,U,CELL,TCMC,TCMC_2
ML_MSR_242,-0.000432305833025034,0.00684963251942286,0.524494405433403,0.734471461445152,16218,9010,0.0138837293153407,0.0138837293153407,0.0193043050509442,0.0193043050509442,0.0138837293153407,0.0138837293153407,Stable,EDS_ML,Cell_TCMC_242,MSRSUM_GOOD,MSR_242,G_AVG,-,N,U,CELL,TCMC,TCMC_2
ML_MSR_243,0.0025807916512517,-0.0081656473917869,0.888006269176615,1.2190671549929,16218,9010,-0.0121017603321686,0.0121017603321686,0.0247796674007755,0.0247796674007755,-0.0121017603321686,0.0121017603321686,Stable,EDS_ML,Cell_TCMC_243,MSRSUM_GOOD,MSR_243,G_AVG,-,N,U,CELL,TCMC,TCMC_2
ML_MSR_244,0.00108934184239733,-0.00302958401775805,1.84727999648443,1.85888318954285,16218,9010,-0.00222972471308851,0.00222972471308851,-0.00302417609167625,0.00302417609167625,-0.00222972471308851,0.00222972471308851,Stable,EDS_ML,Cell_TCMC_244,MSRSUM_GOOD,MSR_244,G_AVG,-,N,U,CELL,TCMC,TCMC_2
ML_MSR_245,0.00197837563201381,-0.00109670244173141,0.712237268720031,0.706725825592496,16218,9010,-0.00431749110696142,0.00431749110696142,-0.0134281094517668,0.0134281094517668,-0.00431749110696142,0.00431749110696142,Stable,EDS_ML,Cell_TCMC_245,MSRSUM_GOOD,MSR_245,G_AVG,-,N,U,CELL,TCMC,TCMC_2
ML_MSR_246,-0.000418567640892835,0.00152177502774695,0.545641282067816,0.539645362715111,16218,9010,0.0035560774677577,0.0035560774677577,0.0211256009741714,0.0211256009741714,0.0035560774677577,0.0035560774677577,Stable,EDS_ML,Cell_TCMC_246,MSRSUM_GOOD,MSR_246,G_AVG,-,N,U,CELL,TCMC,TCMC_2
ML_MSR_247,-0.000872414107781477,0.0010438743618202,0.867382102546222,1.1754547390591,16218,9010,0.0022092783145702,0.0022092783145702,-0.100847711456369,0.100847711456369,0.0022092783145702,0.0022092783145702,Stable,EDS_ML,Cell_TCMC_247,MSRSUM_GOOD,MSR_247,G_AVG,-,N,U,CELL,TCMC,TCMC_2
ML_MSR_248,0.00131936884942656,0.34970880754717,0.714386972154515,0.730678811789882,16218,9010,0.487676080720002,0.487676080720002,0.489418919476568,0.489418919476568,0.487676080720002,0.487676080720002,Stable,EDS_ML,Cell_TCMC_248,MSRSUM_GOOD,MSR_248,G_AVG,-,N,U,CELL,TCMC,TCMC_2
ML_MSR_249,-0.00141667517573067,0.00235666614872364,0.801560344908011,0.831274429235577,16218,9010,0.00470749501073103,0.00470749501073103,0.00723339176748494,0.00723339176748494,0.00470749501073103,0.00470749501073103,Stable,EDS_ML,Cell_TCMC_249,MSRSUM_GOOD,MSR_249,G_AVG,-,N,U,CELL,TCMC,TCMC_2
ML_MSR_250,0.00396340825009249,-0.00444157491675916,1.27382659579578,1.27850325200038,16218,9010,-0.00659821611088354,0.00659821611088354,0.00349929889571456,0.00349929889571456,-0.00659821611088354,0.00659821611088354,Stable,EDS_ML,Cell_WTC_250,MSRSUM_GOOD,MSR_250,G_AVG,-,N,N,CELL,WTC,WTC_1
ML_MSR_251,-0.00419214927857936,0.00502815715871254,1.37282810822346,1.36452656501446,16218,9010,0.00671628617017729,0.00671628617017729,-0.00193177862844888,0.00193177862844888,0.00671628617017729,0.00671628617017729,Stable,EDS_ML,Cell_WTC_251,MSRSUM_GOOD,MSR_251,G_AVG,-,N,N,CELL,WTC,WTC_1
ML_MSR_252,0.00350831693180416,-0.00441147413984462,1.31547390665308,1.31220372225223,16218,9010,-0.00602048511307906,0.00602048511307906,-0.0125870987757774,0.0125870987757774,-0.00602048511307906,0.00602048511307906,Stable,EDS_ML,Cell_WTC_252,MSRSUM_GOOD,MSR_252,G_AVG,-,N,N,CELL,WTC,WTC_1
ML_MSR_253,0.00236907997286966,-0.00349766714761376,1.19969534006078,1.19949650043864,16218,9010,-0.00489019747312363,0.00489019747312363,-0.00155914584106431,0.00155914584106431,-0.00489019747312363,0.00489019747312363,Stable,EDS_ML,Cell_WTC_253,MSRSUM_GOOD,MSR_253,G_AVG,-,N,N,CELL,WTC,WTC_1
ML_MSR_254,0.00259316999630041,-0.010190371254162,0.738899379436196,0.930267433607307,16218,9010,-0.0173007876393355,0.0173007876393355,0.0279706555116747,0.0279706555116747,-0.0173007876393355,0.0173007876393355,Stable,EDS_ML,Cell_WTC_254,MSRSUM_GOOD,MSR_254,G_AVG,-,N,N,CELL,WTC,WTC_1
ML_MSR_255,0.00281014749044272,-0.00153210499445061,0.857900787472265,1.0461944270658,16218,9010,-0.0050614856033498,0.0050614856033498,-0.0396747508535192,0.0396747508535192,-0.0050614856033498,0.0050614856033498,Stable,EDS_ML,Cell_WTC_255,MSRSUM_GOOD,MSR_255,G_AVG,-,N,N,CELL,WTC,WTC_1
ML_MSR_256,-0.00226898711308423,0.350272306881243,0.727415283094673,0.713908168330706,16218,9010,0.484649281074349,0.484649281074349,0.479152016874297,0.479152016874297,0.484649281074349,0.484649281074349,Stable,EDS_ML,Cell_WTC_256,MSRSUM_GOOD,MSR_256,G_AVG,-,N,N,CELL,WTC,WTC_1
ML_MSR_257,-0.000153547354790971,-0.00264298013318535,0.672257898414615,0.904807356685539,16218,9010,-0.00370309190009549,0.00370309190009549,0.0766573365988431,0.0766573365988431,-0.00370309190009549,0.00370309190009549,Stable,EDS_ML,Cell_WTC_257,MSRSUM_GOOD,MSR_257,G_AVG,-,N,N,CELL,WTC,WTC_1
ML_MSR_258,-0.00293932433099026,0.00344642552719201,0.562052939079653,0.56653267339785,16218,9010,0.0113614740074819,0.0113614740074819,0.00235209160575646,0.00235209160575646,0.0113614740074819,0.0113614740074819,Stable,EDS_ML,Cell_WTC_258,MSRSUM_GOOD,MSR_258,G_AVG,-,N,N,CELL,WTC,WTC_1
ML_MSR_259,0.00186545523492416,-0.00615778379578246,0.625529423925082,0.858925844602407,16218,9010,-0.0128263175541164,0.0128263175541164,-0.0154549084827029,0.0154549084827029,-0.0128263175541164,0.0128263175541164,Stable,EDS_ML,Cell_WTC_259,MSRSUM_GOOD,MSR_259,G_AVG,-,N,N,CELL,WTC,WTC_1
ML_MSR_260,-0.00296446762856086,0.35360381254162,0.955715473786972,0.942241884248758,16218,9010,0.373090412314136,0.373090412314136,0.371620539523843,0.371620539523843,0.373090412314136,0.373090412314136,Stable,EDS_ML,Cell_WTC_260,MSRSUM_GOOD,MSR_260,G_AVG,-,N,D,CELL,WTC,WTC_1
ML_MSR_261,0.00212812325810828,-0.00142971132075472,1.1034281643749,1.11744148172031,16218,9010,-0.00322434635414489,0.00322434635414489,0.00221174343631383,0.00221174343631383,-0.00322434635414489,0.00322434635414489,Stable,EDS_ML,Cell_WTC_261,MSRSUM_GOOD,MSR_261,G_AVG,-,N,D,CELL,WTC,WTC_1
ML_MSR_262,0.00345806135158466,-0.00542897358490566,0.628534047947082,0.84809988841113,16218,9010,-0.0141393055245251,0.0141393055245251,0.0132451058573376,0.0132451058573376,-0.0141393055245251,0.0141393055245251,Stable,EDS_ML,Cell_WTC_262,MSRSUM_GOOD,MSR_262,G_AVG,-,N,D,CELL,WTC,WTC_1
ML_MSR_263,-0.00107764779874214,0.00472585538290788,0.592359054965815,0.821729272430022,16218,9010,0.00979727267271189,0.00979727267271189,0.0160578283057544,0.0160578283057544,0.00979727267271189,0.00979727267271189,Stable,EDS_ML,Cell_WTC_263,MSRSUM_GOOD,MSR_263,G_AVG,-,N,D,CELL,WTC,WTC_1
ML_MSR_264,-0.0120993492415834,0.021185828745838,0.753413368169394,2.02872125953207,16218,9010,0.0441791709487396,0.0441791709487396,0.016918998969944,0.016918998969944,0.0441791709487396,0.0441791709487396,Stable,EDS_ML,Cell_WTC_264,MSRSUM_GOOD,MSR_264,G_AVG,-,N,D,CELL,WTC,WTC_1
ML_MSR_265,7.3040757183376e-05,-0.00190897624861265,1.1656504185642,1.1715770421939,16218,9010,-0.0017003528452702,0.0017003528452702,0.00730579242659192,0.00730579242659192,-0.0017003528452702,0.0017003528452702,Stable,EDS_ML,Cell_WTC_265,MSRSUM_GOOD,MSR_265,G_AVG,-,N,D,CELL,WTC,WTC_1
ML_MSR_266,0.00151453070662227,0.00048807025527192,0.505339762666589,0.736458018288293,16218,9010,-0.00203122834809971,0.00203122834809971,-0.0283898103016791,0.0283898103016791,-0.00203122834809971,0.00203122834809971,Stable,EDS_ML,Cell_WTC_266,MSRSUM_GOOD,MSR_266,G_AVG,-,N,D,CELL,WTC,WTC_1
ML_MSR_267,-0.0009656831915156,-0.000535607547169812,0.406577077259497,0.678501287865909,16218,9010,0.00105779609427241,0.00105779609427241,0.0247038029485106,0.0247038029485106,0.00105779609427241,0.00105779609427241,Stable,EDS_ML,Cell_WTC_267,MSRSUM_GOOD,MSR_267,G_AVG,-,N,D,CELL,WTC,WTC_1
ML_MSR_268,0.00114540732519423,0.00102949567147614,0.795367755674191,0.795120014742551,16218,9010,-0.000145733408088487,0.000145733408088487,-0.00182368469132935,0.00182368469132935,-0.000145733408088487,0.000145733408088487,Stable,EDS_ML,Cell_WTC_268,MSRSUM_GOOD,MSR_268,G_AVG,-,N,D,CELL,WTC,WTC_1
ML_MSR_269,-0.00152018312985572,0.0011934346281909,0.749013662571796,0.738059367277133,16218,9010,0.00362292157492722,0.00362292157492722,0.00207940132180259,0.00207940132180259,0.00362292157492722,0.00362292157492722,Stable,EDS_ML,Cell_WTC_269,MSRSUM_GOOD,MSR_269,G_AVG,-,N,D,CELL,WTC,WTC_1
ML_MSR_270,0.000246285053644098,0.0022304012208657,1.09233070993959,1.09721652371374,16218,9010,0.00181640610226123,0.00181640610226123,-0.00583019404476161,0.00583019404476161,0.00181640610226123,0.00181640610226123,Stable,EDS_ML,Cell_WTC_270,MSRSUM_GOOD,MSR_270,G_AVG,-,N,U,CELL,WTC,WTC_1
ML_MSR_271,0.000931683006535949,0.348292966703663,0.662177999558683,0.661133255529143,16218,9010,0.52457388183937,0.52457388183937,0.526932335765526,0.526932335765526,0.52457388183937,0.52457388183937,Stable,EDS_ML,Cell_WTC_271,MSRSUM_GOOD,MSR_271,G_AVG,-,N,U,CELL,WTC,WTC_1
ML_MSR_272,0.000494017634726847,-0.000989176581576026,0.343799888649374,0.347428869457648,16218,9010,-0.00431412070006665,0.00431412070006665,-0.0269342728305647,0.0269342728305647,-0.00431412070006665,0.00431412070006665,Stable,EDS_ML,Cell_WTC_272,MSRSUM_GOOD,MSR_272,G_AVG,-,N,U,CELL,WTC,WTC_1
ML_MSR_273,0.000453063571340487,0.0027272628190899,0.719412741447573,1.03442408409376,16218,9010,0.00316118844819646,0.00316118844819646,0.0593942774964237,0.0593942774964237,0.00316118844819646,0.00316118844819646,Stable,EDS_ML,Cell_WTC_273,MSRSUM_GOOD,MSR_273,G_AVG,-,N,U,CELL,WTC,WTC_1
ML_MSR_274,-0.00331200123319768,0.00529613540510544,0.771717187993511,0.80652589245432,16218,9010,0.0111545223719645,0.0111545223719645,0.00402025515081062,0.00402025515081062,0.0111545223719645,0.0111545223719645,Stable,EDS_ML,Cell_WTC_274,MSRSUM_GOOD,MSR_274,G_AVG,-,N,U,CELL,WTC,WTC_1
ML_MSR_275,0.00110420070292268,-0.00385182985571587,0.571572651576958,0.565634840888972,16218,9010,-0.0086708672029093,0.0086708672029093,-0.0197490204768486,0.0197490204768486,-0.0086708672029093,0.0086708672029093,Stable,EDS_ML,Cell_WTC_275,MSRSUM_GOOD,MSR_275,G_AVG,-,N,U,CELL,WTC,WTC_2
ML_MSR_276,0.000828050746084596,-0.00605871387347392,0.789304418228979,1.06273482365503,16218,9010,-0.00872510587868095,0.00872510587868095,-0.042521616786723,0.042521616786723,-0.00872510587868095,0.00872510587868095,Stable,EDS_ML,Cell_WTC_276,MSRSUM_GOOD,MSR_276,G_AVG,-,N,U,CELL,WTC,WTC_2
ML_MSR_277,-0.00102348187199408,0.000700821975582686,0.500776839348219,0.488148025407705,16218,9010,0.00344325797858586,0.00344325797858586,0.00585989560503511,0.00585989560503511,0.00344325797858586,0.00344325797858586,Stable,EDS_ML,Cell_WTC_277,MSRSUM_GOOD,MSR_277,G_AVG,-,N,U,CELL,WTC,WTC_2
ML_MSR_278,0.000501460476014304,0.00177600743618202,0.694291085726399,0.697416325365509,16218,9010,0.0018357530240133,0.0018357530240133,-0.00792174941184164,0.00792174941184164,0.0018357530240133,0.0018357530240133,Stable,EDS_ML,Cell_WTC_278,MSRSUM_GOOD,MSR_278,G_AVG,-,N,U,CELL,WTC,WTC_2
ML_MSR_279,-0.000310656554445679,-0.000209956825749168,0.641981005205849,0.869696872345834,16218,9010,0.000156857800900545,0.000156857800900545,-0.0308560531220831,0.0308560531220831,0.000156857800900545,0.000156857800900545,Stable,EDS_ML,Cell_WTC_279,MSRSUM_GOOD,MSR_279,G_AVG,-,N,U,CELL,WTC,WTC_2
ML_MSR_280,0.000186051116043902,-0.00397323618201998,0.70015081942572,0.702327358053649,16218,9010,-0.00594055906622436,0.00594055906622436,0.00241090912581455,0.00241090912581455,-0.00594055906622436,0.00594055906622436,Stable,EDS_ML,Cell_WTC_280,MSRSUM_GOOD,MSR_280,G_AVG,-,N,N,CELL,WTC,WTC_2
ML_MSR_281,-0.00250462788259958,0.00552345116537181,0.590351237477437,0.58889350466158,16218,9010,0.0135988180227677,0.0135988180227677,0.0157550275319877,0.0157550275319877,0.0135988180227677,0.0135988180227677,Stable,EDS_ML,Cell_WTC_281,MSRSUM_GOOD,MSR_281,G_AVG,-,N,N,CELL,WTC,WTC_2
ML_MSR_282,0.000660537550869404,-0.00097180499445061,0.537035665922911,0.533896681333209,16218,9010,-0.00303954215501644,0.00303954215501644,0.017703665889045,0.017703665889045,-0.00303954215501644,0.00303954215501644,Stable,EDS_ML,Cell_WTC_282,MSRSUM_GOOD,MSR_282,G_AVG,-,N,N,CELL,WTC,WTC_2
ML_MSR_283,-0.0019687137748181,0.00104661431742508,0.475766116427651,0.476074444473634,16218,9010,0.00633783699201648,0.00633783699201648,-0.0142181205563609,0.0142181205563609,0.00633783699201648,0.00633783699201648,Stable,EDS_ML,Cell_WTC_283,MSRSUM_GOOD,MSR_283,G_AVG,-,N,N,CELL,WTC,WTC_2
ML_MSR_284,0.00245405567887532,-0.00275144062153163,0.675980851467538,0.69934600359509,16218,9010,-0.00770065644478827,0.00770065644478827,-0.0160448331878834,0.0160448331878834,-0.00770065644478827,0.00770065644478827,Stable,EDS_ML,Cell_WTC_284,MSRSUM_GOOD,MSR_284,G_AVG,-,N,N,CELL,WTC,WTC_2
ML_MSR_285,0.000670333271673449,-0.00131037036625971,0.585802387766523,0.781158587894912,16218,9010,-0.00338118054705265,0.00338118054705265,-0.0180922785931424,0.0180922785931424,-0.00338118054705265,0.00338118054705265,Stable,EDS_ML,Cell_WTC_285,MSRSUM_GOOD,MSR_285,G_AVG,-,N,N,CELL,WTC,WTC_2
ML_MSR_286,-0.000103512146997162,0.000852676914539401,1.1018313131866,0.793454053612558,16218,9010,0.000867818013604252,0.000867818013604252,0.0048233336050597,0.0048233336050597,0.000867818013604252,0.000867818013604252,Stable,EDS_ML,Cell_WTC_286,MSRSUM_GOOD,MSR_286,G_AVG,-,N,N,CELL,WTC,WTC_2
ML_MSR_287,0.00107268750770749,-0.00378279778024417,0.914547687315186,0.945435699534626,16218,9010,-0.00530916578249274,0.00530916578249274,-0.0107096657023468,0.0107096657023468,-0.00530916578249274,0.00530916578249274,Stable,EDS_ML,Cell_WTC_287,MSRSUM_GOOD,MSR_287,G_AVG,-,N,N,CELL,WTC,WTC_2
ML_MSR_288,-0.0017474271796769,0.00174924239733629,0.626977753725996,0.617643553876793,16218,9010,0.00557702335726145,0.00557702335726145,-0.001142783768231,0.001142783768231,0.00557702335726145,0.00557702335726145,Stable,EDS_ML,Cell_WTC_288,MSRSUM_GOOD,MSR_288,G_AVG,-,N,N,CELL,WTC,WTC_2
ML_MSR_289,-0.00217379405598717,-0.00293131687014429,1.34522825395007,1.44059593519726,16218,9010,-0.000563118423905206,0.000563118423905206,-0.00760725919185148,0.00760725919185148,-0.000563118423905206,0.000563118423905206,Stable,EDS_ML,Cell_WTC_289,MSRSUM_GOOD,MSR_289,G_AVG,-,N,N,CELL,WTC,WTC_2
ML_MSR_290,0.00129582821556295,0.349159087125416,0.648708813841156,0.654850003195891,16218,9010,0.53623945210498,0.53623945210498,0.532057669998784,0.532057669998784,0.53623945210498,0.53623945210498,Stable,EDS_ML,Cell_WTC_290,MSRSUM_GOOD,MSR_290,G_AVG,-,N,D,CELL,WTC,WTC_2
ML_MSR_291,0.00662569768158836,-0.00660052918978912,0.93659830382573,0.788951585147983,16218,9010,-0.0141215575742047,0.0141215575742047,0.00459054856541785,0.00459054856541785,-0.0141215575742047,0.0141215575742047,Stable,EDS_ML,Cell_WTC_291,MSRSUM_GOOD,MSR_291,G_AVG,-,N,D,CELL,WTC,WTC_2
ML_MSR_292,0.000583684609692933,1.36581576026563e-06,0.816528839655154,0.824004010299286,16218,9010,-0.0007131637802023,0.0007131637802023,-0.0010385426194599,0.0010385426194599,-0.0007131637802023,0.0007131637802023,Stable,EDS_ML,Cell_WTC_292,MSRSUM_GOOD,MSR_292,G_AVG,-,N,D,CELL,WTC,WTC_2
ML_MSR_293,-0.00182357442348009,0.00316010455049944,1.08573993702537,1.4842403057954,16218,9010,0.00459012218674893,0.00459012218674893,-0.0953188663977291,0.0953188663977291,0.00459012218674893,0.00459012218674893,Stable,EDS_ML,Cell_WTC_293,MSRSUM_GOOD,MSR_293,G_AVG,-,N,D,CELL,WTC,WTC_2
ML_MSR_294,-0.000628105130102355,-0.00636034150943396,0.623569027808342,0.829858000213531,16218,9010,-0.00919262523265258,0.00919262523265258,-0.0216086742591415,0.0216086742591415,-0.00919262523265258,0.00919262523265258,Stable,EDS_ML,Cell_WTC_294,MSRSUM_GOOD,MSR_294,G_AVG,-,N,D,CELL,WTC,WTC_2
ML_MSR_295,0.00221248267357257,-0.0045886460599334,0.704449213048721,0.966306838960043,16218,9010,-0.00965453379395797,0.00965453379395797,-0.00839450153462093,0.00839450153462093,-0.00965453379395797,0.00965453379395797,Stable,EDS_ML,Cell_WTC_295,MSRSUM_GOOD,MSR_295,G_AVG,-,N,D,CELL,WTC,WTC_2
ML_MSR_296,-0.000176656307806141,-0.00159506958934517,1.05131954591674,1.02411476867574,16218,9010,-0.00134917427060884,0.00134917427060884,-0.000105106007425786,0.000105106007425786,-0.00134917427060884,0.00134917427060884,Stable,EDS_ML,Cell_WTC_296,MSRSUM_GOOD,MSR_296,G_AVG,-,N,D,CELL,WTC,WTC_2
ML_MSR_297,0.00609108361080281,-0.00753966970033296,0.739862975390662,0.74399488442542,16218,9010,-0.0184233483287071,0.0184233483287071,-0.0101485008031864,0.0101485008031864,-0.0184233483287071,0.0184233483287071,Stable,EDS_ML,Cell_WTC_297,MSRSUM_GOOD,MSR_297,G_AVG,-,N,D,CELL,WTC,WTC_2
ML_MSR_298,0.00104154766309039,-0.00350757857935626,1.77416313511617,1.85542250655541,16218,9010,-0.00256409692683012,0.00256409692683012,-0.0252296415780667,0.0252296415780667,-0.00256409692683012,0.00256409692683012,Stable,EDS_ML,Cell_WTC_298,MSRSUM_GOOD,MSR_298,G_AVG,-,N,D,CELL,WTC,WTC_2
ML_MSR_299,0.000506229683068195,0.000586579023307436,0.66291910007637,0.65916146516472,16218,9010,0.000121205348028115,0.000121205348028115,0.0148328808128582,0.0148328808128582,0.000121205348028115,0.000121205348028115,Stable,EDS_ML,Cell_WTC_299,MSRSUM_GOOD,MSR_299,G_AVG,-,N,D,CELL,WTC,WTC_2
