MSR,Mean_A,Mean_B,SD_A,SD_B,N_valid_A,N_valid_B,metric_one_sigma,abs_metric_one_sigma,Sigma_Score,Abs_Sigma_Score,Direction,STEP_SEQ,ITEM_NAME,ITEM_GROUP_ID,ITEM_ID,SUB_ITEM_ID,ZONE_ID,ONE_STEP_YN,SPEC_TYPE,Category1,Category2,Category3,Category4,Category5,SLIDE_REQUIRED_YN,SUMMARY_REQUIRED_YN,GOOBAE_Category1,GOOBAE_Category2,GOOBAE_NAME,GOOBAE_ORDER
ML_MSR_000,-0.000233698598779133,0.00730568679107209,1.35322131889688,1.74612161284931,14416,8199,0.0055714355697538,0.0055714355697538,0.0055714355697538,0.0055714355697538,Stable,EDS_ML,Peri_PB_000,MSRSUM_GOOD,MSR_000,G_AVG,-,N,U,PERI,PB,PB_1,,,"","","","","",
ML_MSR_001,0.00148435640954495,0.339177685449445,0.802049054914914,0.81303089598991,14416,8199,0.421038248185112,0.421038248185112,0.421038248185112,0.421038248185112,Stable,EDS_ML,Peri_PB_001,MSRSUM_GOOD,MSR_001,G_AVG,-,N,U,PERI,PB,PB_1,,,"","","","","",
ML_MSR_002,0.00285394332685905,-0.00618544456641054,0.575566021319971,0.543000952648129,14416,8199,-0.0157052146207991,0.0157052146207991,-0.0157052146207991,0.0157052146207991,Stable,EDS_ML,Peri_PB_002,MSRSUM_GOOD,MSR_002,G_AVG,-,N,U,PERI,PB,PB_1,,,"","","","","",
ML_MSR_003,0.00386678641786903,0.00118931320892792,0.616114153497474,0.832630636186537,14416,8199,-0.00434574208974424,0.00434574208974424,-0.00434574208974424,0.00434574208974424,Stable,EDS_ML,Peri_PB_003,MSRSUM_GOOD,MSR_003,G_AVG,-,N,U,PERI,PB,PB_1,,,"","","","","",
ML_MSR_004,0.000270053690344062,0.35060721917307,0.551841913693352,0.509657251525021,14416,8199,0.634850591789955,0.634850591789955,0.634850591789955,0.634850591789955,Up,EDS_ML,Peri_PB_004,MSRSUM_GOOD,MSR_004,G_AVG,-,N,U,PERI,PB,PB_1,,,"","","","","",
ML_MSR_005,0.00455437735849057,-0.00456143578485181,0.702082414645175,0.739391026191022,14416,8199,-0.0129839644936121,0.0129839644936121,-0.0129839644936121,0.0129839644936121,Stable,EDS_ML,Peri_PB_005,MSRSUM_GOOD,MSR_005,G_AVG,-,N,U,PERI,PB,PB_1,,,"","","","","",
ML_MSR_006,-0.000961871878468368,0.00335876241005001,0.6747872650886,0.678490190772521,14416,8199,0.00640295766096159,0.00640295766096159,0.00640295766096159,0.00640295766096159,Stable,EDS_ML,Peri_PB_006,MSRSUM_GOOD,MSR_006,G_AVG,-,N,U,PERI,PB,PB_1,,,"","","","","",
ML_MSR_007,0.000509708032741397,0.350468980607391,0.799703947303542,0.840017524462762,14416,8199,0.437611035627183,0.437611035627183,0.437611035627183,0.437611035627183,Stable,EDS_ML,Peri_PB_007,MSRSUM_GOOD,MSR_007,G_AVG,-,N,U,PERI,PB,PB_1,,,"","","","","",
ML_MSR_008,-0.00157296774417314,0.352867749969509,0.790872392915448,0.786739409771387,14416,8199,0.448164230903398,0.448164230903398,0.448164230903398,0.448164230903398,Stable,EDS_ML,Peri_PB_008,MSRSUM_GOOD,MSR_008,G_AVG,-,N,U,PERI,PB,PB_1,,,"","","","","",
ML_MSR_009,0.116346709142619,0.109408732894255,1.20521918473669,1.30994392736873,14416,8199,-0.00575660953312792,0.00575660953312792,-0.00575660953312792,0.00575660953312792,Stable,EDS_ML,Peri_PB_009,MSRSUM_GOOD,MSR_009,G_AVG,-,N,U,PERI,PB,PB_1,,,"","","","","",
ML_MSR_010,0.0038110442563818,-0.00701470215879985,0.689642844788729,0.708381563494405,14416,8199,-0.0156976128977284,0.0156976128977284,-0.0156976128977284,0.0156976128977284,Stable,EDS_ML,Peri_PB_010,MSRSUM_GOOD,MSR_010,G_AVG,-,N,N,PERI,PB,PB_1,,,"","","","","",
ML_MSR_011,0.000868895810210875,-0.000132781558726673,0.441279086236862,0.615543769824012,14416,8199,-0.00226994072499481,0.00226994072499481,-0.00226994072499481,0.00226994072499481,Stable,EDS_ML,Peri_PB_011,MSRSUM_GOOD,MSR_011,G_AVG,-,N,N,PERI,PB,PB_1,,,"","","","","",
ML_MSR_012,0.00447898480854606,-0.00831963397975363,0.687102137787326,0.712698141573465,14416,8199,-0.0186269523618644,0.0186269523618644,-0.0186269523618644,0.0186269523618644,Stable,EDS_ML,Peri_PB_012,MSRSUM_GOOD,MSR_012,G_AVG,-,N,N,PERI,PB,PB_1,,,"","","","","",
ML_MSR_013,0.109204701234739,0.114450318941334,1.15490199601661,1.04068937828854,14416,8199,0.0045420457533954,0.0045420457533954,0.0045420457533954,0.0045420457533954,Stable,EDS_ML,Peri_PB_013,MSRSUM_GOOD,MSR_013,G_AVG,-,N,N,PERI,PB,PB_1,,,"","","","","",
ML_MSR_014,-0.00157692549944506,0.00870436626417856,0.686514467403999,0.751692627565871,14416,8199,0.0149760744336555,0.0149760744336555,0.0149760744336555,0.0149760744336555,Stable,EDS_ML,Peri_PB_014,MSRSUM_GOOD,MSR_014,G_AVG,-,N,N,PERI,PB,PB_1,,,"","","","","",
ML_MSR_015,0.00272160439789123,-0.00309554811562386,0.357122274397477,0.359586477224132,14416,8199,-0.0162889657984217,0.0162889657984217,-0.0162889657984217,0.0162889657984217,Stable,EDS_ML,Peri_PB_015,MSRSUM_GOOD,MSR_015,G_AVG,-,N,N,PERI,PB,PB_1,,,"","","","","",
ML_MSR_016,0.00113226817425083,-0.00465385132333211,0.542143928890039,0.5393109639241,14416,8199,-0.0106726630867733,0.0106726630867733,-0.0106726630867733,0.0106726630867733,Stable,EDS_ML,Peri_PB_016,MSRSUM_GOOD,MSR_016,G_AVG,-,N,N,PERI,PB,PB_1,,,"","","","","",
ML_MSR_017,0.000152957963374024,0.0224585183558971,1.66853951515884,1.67643955920919,14416,8199,0.0133683141393266,0.0133683141393266,0.0133683141393266,0.0133683141393266,Stable,EDS_ML,Peri_PB_017,MSRSUM_GOOD,MSR_017,G_AVG,-,N,N,PERI,PB,PB_1,,,"","","","","",
ML_MSR_018,0.000896953662597114,0.00318335199414563,0.506125072898036,0.494888676488499,14416,8199,0.00451745715432899,0.00451745715432899,0.00451745715432899,0.00451745715432899,Stable,EDS_ML,Peri_PB_018,MSRSUM_GOOD,MSR_018,G_AVG,-,N,N,PERI,PB,PB_1,,,"","","","","",
ML_MSR_019,0.000144697350166483,-0.00185384315160385,0.731741917596431,0.745966611288304,14416,8199,-0.00273120953400482,0.00273120953400482,-0.00273120953400482,0.00273120953400482,Stable,EDS_ML,Peri_PB_019,MSRSUM_GOOD,MSR_019,G_AVG,-,N,N,PERI,PB,PB_1,,,"","","","","",
ML_MSR_020,0.00438519741953385,-0.00882060409806074,0.796549948624726,0.953144027509154,14416,8199,-0.0165787488159342,0.0165787488159342,-0.0165787488159342,0.0165787488159342,Stable,EDS_ML,Peri_PB_020,MSRSUM_GOOD,MSR_020,G_AVG,-,N,D,PERI,PB,PB_1,,,"","","","","",
ML_MSR_021,0.000710120699223086,-0.00064300426881327,0.639761023300654,0.644299199231657,14416,8199,-0.0021150475236133,0.0021150475236133,-0.0021150475236133,0.0021150475236133,Stable,EDS_ML,Peri_PB_021,MSRSUM_GOOD,MSR_021,G_AVG,-,N,D,PERI,PB,PB_1,,,"","","","","",
ML_MSR_022,-0.00173747454217536,0.00420744554213929,0.981390251443531,0.963245484906021,14416,8199,0.0060576514547299,0.0060576514547299,0.0060576514547299,0.0060576514547299,Stable,EDS_ML,Peri_PB_022,MSRSUM_GOOD,MSR_022,G_AVG,-,N,D,PERI,PB,PB_1,,,"","","","","",
ML_MSR_023,-0.00065762284961154,-0.00221749628003415,1.0618155811602,1.05898367346818,14416,8199,-0.00146906247949216,0.00146906247949216,-0.00146906247949216,0.00146906247949216,Stable,EDS_ML,Peri_PB_023,MSRSUM_GOOD,MSR_023,G_AVG,-,N,D,PERI,PB,PB_1,,,Y,"","","","",
ML_MSR_024,-0.00103044013596005,-0.00400854506647152,0.47116885987425,0.471519400831221,14416,8199,-0.00632067435718546,0.00632067435718546,-0.00632067435718546,0.00632067435718546,Stable,EDS_ML,Peri_PB_024,MSRSUM_GOOD,MSR_024,G_AVG,-,N,D,PERI,PB,PB_1,,,"","","","","",
ML_MSR_025,0.000591053829078802,-0.00463521075740944,0.518995434746829,0.691882058055925,14416,8199,-0.0100699625403018,0.0100699625403018,-0.0100699625403018,0.0100699625403018,Stable,EDS_ML,Peri_PB_025,MSRSUM_GOOD,MSR_025,G_AVG,-,N,D,PERI,PB,PB_2,,,"","","","","",
ML_MSR_026,0.000887447488901221,-0.000764644102939384,0.821763511472315,1.08702193351535,14416,8199,-0.00201042218202245,0.00201042218202245,-0.00201042218202245,0.00201042218202245,Stable,EDS_ML,Peri_PB_026,MSRSUM_GOOD,MSR_026,G_AVG,-,N,D,PERI,PB,PB_2,,,"","","","","",
ML_MSR_027,0.00662135946170921,-0.00268898609586535,0.686355292440282,0.928197054755643,14416,8199,-0.0135649067765943,0.0135649067765943,-0.0135649067765943,0.0135649067765943,Stable,EDS_ML,Peri_PB_027,MSRSUM_GOOD,MSR_027,G_AVG,-,N,D,PERI,PB,PB_2,,,"","","","","",
ML_MSR_028,-0.000599878676470589,0.00570948823027199,0.600019443094808,0.556179937169971,14416,8199,0.010515270762227,0.010515270762227,0.010515270762227,0.010515270762227,Stable,EDS_ML,Peri_PB_028,MSRSUM_GOOD,MSR_028,G_AVG,-,N,D,PERI,PB,PB_2,,,"","","","","",
ML_MSR_029,0.00523969332685905,-0.0201650080497622,0.909695289184169,1.17978581413504,14416,8199,-0.0279266054014687,0.0279266054014687,-0.0279266054014687,0.0279266054014687,Stable,EDS_ML,Peri_PB_029,MSRSUM_GOOD,MSR_029,G_AVG,-,N,D,PERI,PB,PB_2,,,"","","","","",
ML_MSR_030,0.000458152538845726,-0.00157977448469326,0.70674730266335,0.968756368026762,14416,8199,-0.00288352996305629,0.00288352996305629,-0.00288352996305629,0.00288352996305629,Stable,EDS_ML,Peri_PB_030,MSRSUM_GOOD,MSR_030,G_AVG,-,N,U,PERI,PB,PB_2,,,"","","","","",
ML_MSR_031,-0.0004456131381798,0.00517442346627638,0.573227235081643,0.562278907382608,14416,8199,0.00980420374418485,0.00980420374418485,0.00980420374418485,0.00980420374418485,Stable,EDS_ML,Peri_PB_031,MSRSUM_GOOD,MSR_031,G_AVG,-,N,U,PERI,PB,PB_2,,,"","","","","",
ML_MSR_032,-0.00139893694506104,-0.00300134113916331,0.704752777346268,0.690830193890905,14416,8199,-0.00227371107374148,0.00227371107374148,-0.00227371107374148,0.00227371107374148,Stable,EDS_ML,Peri_PB_032,MSRSUM_GOOD,MSR_032,G_AVG,-,N,U,PERI,PB,PB_2,,,"","","","","",
ML_MSR_033,-0.00389678364317425,0.00464237882668618,1.13831566360907,1.24955021098621,14416,8199,0.00750157688490966,0.00750157688490966,0.00750157688490966,0.00750157688490966,Stable,EDS_ML,Peri_PB_033,MSRSUM_GOOD,MSR_033,G_AVG,-,N,U,PERI,PB,PB_2,,,"",Y,"","","",
ML_MSR_034,0.001698193881798,0.354503794609099,0.656671444540392,0.753519010833365,14416,8199,0.537263503172779,0.537263503172779,0.537263503172779,0.537263503172779,Up,EDS_ML,Peri_PB_034,MSRSUM_GOOD,MSR_034,G_AVG,-,N,U,PERI,PB,PB_2,,,"","","","","",
ML_MSR_035,0.0020090538290788,0.000648414928649836,0.489977193605285,0.485962739683884,14416,8199,-0.00277694333162181,0.00277694333162181,-0.00277694333162181,0.00277694333162181,Stable,EDS_ML,Peri_PB_035,MSRSUM_GOOD,MSR_035,G_AVG,-,N,U,PERI,PB,PB_2,,,"","","","","",
ML_MSR_036,0.00169881562153163,-0.00124845908037565,0.541142740003531,0.730982176457938,14416,8199,-0.00544639054362636,0.00544639054362636,-0.00544639054362636,0.00544639054362636,Stable,EDS_ML,Peri_PB_036,MSRSUM_GOOD,MSR_036,G_AVG,-,N,U,PERI,PB,PB_2,,,"","","","","",
ML_MSR_037,-0.00106970622918979,-0.00914581058665691,0.698833267846594,0.891106002366738,14416,8199,-0.0115565539436224,0.0115565539436224,-0.0115565539436224,0.0115565539436224,Stable,EDS_ML,Peri_PB_037,MSRSUM_GOOD,MSR_037,G_AVG,-,N,U,PERI,PB,PB_2,,,"","","","","",
ML_MSR_038,0.000836559725305216,-0.0053228497377729,0.52247227908736,0.526518214425644,14416,8199,-0.0117889689264227,0.0117889689264227,-0.0117889689264227,0.0117889689264227,Stable,EDS_ML,Peri_PB_038,MSRSUM_GOOD,MSR_038,G_AVG,-,N,U,PERI,PB,PB_2,,,"","","","","",
ML_MSR_039,0.00266311230577137,-5.78940114648112e-05,0.73947623325616,0.703001690222761,14416,8199,-0.0036796399868792,0.0036796399868792,-0.0036796399868792,0.0036796399868792,Stable,EDS_ML,Peri_PB_039,MSRSUM_GOOD,MSR_039,G_AVG,-,N,U,PERI,PB,PB_2,,,"","","","","",
ML_MSR_040,0.00484310738068813,0.00529391157458226,1.06598768942286,1.06351315362258,14416,8199,0.000422898123840631,0.000422898123840631,0.000422898123840631,0.000422898123840631,Stable,EDS_ML,Peri_PB_040,MSRSUM_GOOD,MSR_040,G_AVG,-,N,N,PERI,PB,PB_2,,,"","","","","",
ML_MSR_041,-0.00107085453662597,0.00589252677155751,0.522194943363546,0.84277117094126,14416,8199,0.0133348309796551,0.0133348309796551,0.0133348309796551,0.0133348309796551,Stable,EDS_ML,Peri_PB_041,MSRSUM_GOOD,MSR_041,G_AVG,-,N,N,PERI,PB,PB_2,,,"","","","","",
ML_MSR_042,-0.000187555008324085,-5.65671423344324e-05,0.809947310350879,0.984723994662576,14416,8199,0.000161723934774112,0.000161723934774112,0.000161723934774112,0.000161723934774112,Stable,EDS_ML,Peri_PB_042,MSRSUM_GOOD,MSR_042,G_AVG,-,N,N,PERI,PB,PB_2,,,"","","","","",
ML_MSR_043,0.000358411140399556,0.00849057933894378,1.18083444972408,1.18608889474033,14416,8199,0.00688679789147787,0.00688679789147787,0.00688679789147787,0.00688679789147787,Stable,EDS_ML,Peri_PB_043,MSRSUM_GOOD,MSR_043,G_AVG,-,N,N,PERI,PB,PB_2,,,"","","","","",
ML_MSR_044,-0.00386792959211987,0.00853951030613489,0.604498958119493,0.773253247932361,14416,8199,0.0205251634127749,0.0205251634127749,0.0205251634127749,0.0205251634127749,Stable,EDS_ML,Peri_PB_044,MSRSUM_GOOD,MSR_044,G_AVG,-,N,N,PERI,PB,PB_2,,,"","","","","",
ML_MSR_045,0.00274273279689234,-0.00577624295645811,0.386599067155564,0.388048692558204,14416,8199,-0.0220356862628499,0.0220356862628499,-0.0220356862628499,0.0220356862628499,Stable,EDS_ML,Peri_PB_045,MSRSUM_GOOD,MSR_045,G_AVG,-,N,N,PERI,PB,PB_2,,,"","","","","",
ML_MSR_046,-0.00019528052164262,-0.00425235211611172,0.604353725707463,0.602044397448582,14416,8199,-0.00671307451562386,0.00671307451562386,-0.00671307451562386,0.00671307451562386,Stable,EDS_ML,Peri_PB_046,MSRSUM_GOOD,MSR_046,G_AVG,-,N,N,PERI,PB,PB_2,,,Y,"","","","",
ML_MSR_047,-0.00413422447280799,0.00255818087571655,0.681510944582877,0.867866709754749,14416,8199,0.0098199528587478,0.0098199528587478,0.0098199528587478,0.0098199528587478,Stable,EDS_ML,Peri_PB_047,MSRSUM_GOOD,MSR_047,G_AVG,-,N,N,PERI,PB,PB_2,,,"","","","","",
ML_MSR_048,0.112403428690344,0.110466445786071,0.584362740628742,0.557783861644178,14416,8199,-0.00331469268931914,0.00331469268931914,-0.00331469268931914,0.00331469268931914,Stable,EDS_ML,Peri_PB_048,MSRSUM_GOOD,MSR_048,G_AVG,-,N,N,PERI,PB,PB_2,,,"","","","","",
ML_MSR_049,-0.00163868264428413,0.359109208805952,0.741099680711895,0.72730761760175,14416,8199,0.486773777993946,0.486773777993946,0.486773777993946,0.486773777993946,Stable,EDS_ML,Peri_PB_049,MSRSUM_GOOD,MSR_049,G_AVG,-,N,N,PERI,PB,PB_2,,,"","","","","",
ML_MSR_050,0.00545871233351831,-0.00684421100134163,0.871933636265262,0.876654578405242,14416,8199,-0.0141099308745065,0.0141099308745065,-0.0141099308745065,0.0141099308745065,Stable,EDS_ML,Peri_PB_050,MSRSUM_GOOD,MSR_050,G_AVG,-,N,D,PERI,PB,PB_3,,,"","","","","",
ML_MSR_051,-0.00324078981687014,0.0139854191974631,0.964272035207768,0.959164492248276,14416,8199,0.0178644701758063,0.0178644701758063,0.0178644701758063,0.0178644701758063,Stable,EDS_ML,Peri_PB_051,MSRSUM_GOOD,MSR_051,G_AVG,-,N,D,PERI,PB,PB_3,,,"","","","","",
ML_MSR_052,-0.00147177129578246,0.344093715819002,1.26341454921543,1.25997344010934,14416,8199,0.273517102782598,0.273517102782598,0.273517102782598,0.273517102782598,Stable,EDS_ML,Peri_PB_052,MSRSUM_GOOD,MSR_052,G_AVG,-,N,D,PERI,PB,PB_3,,,Y,Y,"","","",
ML_MSR_053,0.00344937715038846,-0.00646680021953897,0.495681994400152,0.670703263618242,14416,8199,-0.0200051191730849,0.0200051191730849,-0.0200051191730849,0.0200051191730849,Stable,EDS_ML,Peri_PB_053,MSRSUM_GOOD,MSR_053,G_AVG,-,N,D,PERI,PB,PB_3,,,"","","","","",
ML_MSR_054,-0.00276264546337403,0.0010041280643981,0.742042992156378,0.736114767043793,14416,8199,0.00507622006755414,0.00507622006755414,0.00507622006755414,0.00507622006755414,Stable,EDS_ML,Peri_PB_054,MSRSUM_GOOD,MSR_054,G_AVG,-,N,D,PERI,PB,PB_3,,,"","","","","",
ML_MSR_055,-0.00290978863762486,0.348353235150628,1.01302578434901,1.02085249801208,14416,8199,0.346746380215763,0.346746380215763,0.346746380215763,0.346746380215763,Stable,EDS_ML,Peri_PB_055,MSRSUM_GOOD,MSR_055,G_AVG,-,N,D,PERI,PB,PB_3,,,"","","","","",
ML_MSR_056,-0.000442448668146504,0.351801311379437,0.780277509349322,0.720956783433189,14416,8199,0.451433952442537,0.451433952442537,0.451433952442537,0.451433952442537,Stable,EDS_ML,Peri_PB_056,MSRSUM_GOOD,MSR_056,G_AVG,-,N,D,PERI,PB,PB_3,,,"","","","","",
ML_MSR_057,-0.00594812402885683,0.00422423600439078,0.445481480769318,0.428926313584707,14416,8199,0.022834529542464,0.022834529542464,0.022834529542464,0.022834529542464,Stable,EDS_ML,Peri_PB_057,MSRSUM_GOOD,MSR_057,G_AVG,-,N,D,PERI,PB,PB_3,,,"","","","","",
ML_MSR_058,-0.000110689372918977,0.357258768386389,0.986374135886786,1.02712891635961,14416,8199,0.36230619270853,0.36230619270853,0.36230619270853,0.36230619270853,Stable,EDS_ML,Peri_PB_058,MSRSUM_GOOD,MSR_058,G_AVG,-,N,D,PERI,PB,PB_3,,,"","","","","",
ML_MSR_059,0.00280333407325194,-0.00689476082449079,1.10810247188581,1.138615697914,14416,8199,-0.00875198381358917,0.00875198381358917,-0.00875198381358917,0.00875198381358917,Stable,EDS_ML,Peri_PB_059,MSRSUM_GOOD,MSR_059,G_AVG,-,N,D,PERI,PB,PB_3,,,"","","","","",
ML_MSR_060,0.000275902885682574,0.00734659470667155,0.798479993386757,0.9666888022204,14416,8199,0.0088551897098869,0.0088551897098869,0.0088551897098869,0.0088551897098869,Stable,EDS_ML,Peri_PB_060,MSRSUM_GOOD,MSR_060,G_AVG,-,N,U,PERI,PB,PB_3,,,"","","","","",
ML_MSR_061,-0.00251008365704772,1.67071594096846e-05,0.484061765961915,0.607381251364109,14416,8199,0.00521997603226571,0.00521997603226571,0.00521997603226571,0.00521997603226571,Stable,EDS_ML,Peri_PB_061,MSRSUM_GOOD,MSR_061,G_AVG,-,N,U,PERI,PB,PB_3,,,"","","","","",
ML_MSR_062,0.000545876595449501,0.00561460495182339,0.618008584561898,0.759302172933558,14416,8199,0.00820171189040534,0.00820171189040534,0.00820171189040534,0.00820171189040534,Stable,EDS_ML,Peri_PB_062,MSRSUM_GOOD,MSR_062,G_AVG,-,N,U,PERI,PB,PB_3,,,"","","","","",
ML_MSR_063,-5.16814650388427e-05,-0.0136809149896329,0.759955635430967,0.95261469884222,14416,8199,-0.017934248907655,0.017934248907655,-0.017934248907655,0.017934248907655,Stable,EDS_ML,Peri_PB_063,MSRSUM_GOOD,MSR_063,G_AVG,-,N,U,PERI,PB,PB_3,,,"","","","","",
ML_MSR_064,0.000689708726415091,-0.00503491157458226,1.3818077722423,1.85785053742547,14416,8199,-0.00414284853218609,0.00414284853218609,-0.00414284853218609,0.00414284853218609,Stable,EDS_ML,Peri_PB_064,MSRSUM_GOOD,MSR_064,G_AVG,-,N,U,PERI,PB,PB_3,,,"","","","","",
ML_MSR_065,0.00515760176193119,-0.00239765434809123,0.727384279938859,0.651896086443305,14416,8199,-0.0103868839599578,0.0103868839599578,-0.0103868839599578,0.0103868839599578,Stable,EDS_ML,Peri_PB_065,MSRSUM_GOOD,MSR_065,G_AVG,-,N,U,PERI,PB,PB_3,,,"","","","","",
ML_MSR_066,-0.00124668534961154,0.0125129782900354,1.53402906926863,1.6149978316925,14416,8199,0.00896962379350935,0.00896962379350935,0.00896962379350935,0.00896962379350935,Stable,EDS_ML,Peri_PB_066,MSRSUM_GOOD,MSR_066,G_AVG,-,N,U,PERI,PB,PB_3,,,"","","","","",
ML_MSR_067,-0.00325501089067703,-0.00327974838394926,1.04397417670674,1.40637360919884,14416,8199,-2.36955030346375e-05,2.36955030346375e-05,-2.36955030346375e-05,2.36955030346375e-05,Stable,EDS_ML,Peri_PB_067,MSRSUM_GOOD,MSR_067,G_AVG,-,N,U,PERI,PB,PB_3,,,"","","","","",
ML_MSR_068,-0.00014262486126526,-4.48020490303705e-05,0.711874273830782,0.679284432383886,14416,8199,0.000137415855342657,0.000137415855342657,0.000137415855342657,0.000137415855342657,Stable,EDS_ML,Peri_PB_068,MSRSUM_GOOD,MSR_068,G_AVG,-,N,U,PERI,PB,PB_3,,,"","","","","",
ML_MSR_069,0.000572578801331855,-0.00411283217465545,0.821246683030576,0.80480378782809,14416,8199,-0.00570524188748883,0.00570524188748883,-0.00570524188748883,0.00570524188748883,Stable,EDS_ML,Peri_PB_069,MSRSUM_GOOD,MSR_069,G_AVG,-,N,U,PERI,PB,PB_3,,,"","","","","",
ML_MSR_070,0.00225152198945616,0.00039471557507013,0.749851017118239,0.741776758475687,14416,8199,-0.00247623377443955,0.00247623377443955,-0.00247623377443955,0.00247623377443955,Stable,EDS_ML,Peri_PB_070,MSRSUM_GOOD,MSR_070,G_AVG,-,N,N,PERI,PB,PB_3,,,Y,"","","","",
ML_MSR_071,0.00244685509156493,0.000306528113184536,0.633105141053368,0.832306980687753,14416,8199,-0.00338068172186896,0.00338068172186896,-0.00338068172186896,0.00338068172186896,Stable,EDS_ML,Peri_PB_071,MSRSUM_GOOD,MSR_071,G_AVG,-,N,N,PERI,PB,PB_3,,,"","","","","",
ML_MSR_072,-0.00100371392896782,0.00534265093304061,0.916260595460041,1.24013777053593,14416,8199,0.00692637541486984,0.00692637541486984,0.00692637541486984,0.00692637541486984,Stable,EDS_ML,Peri_PB_072,MSRSUM_GOOD,MSR_072,G_AVG,-,N,N,PERI,PB,PB_3,,,"","","","","",
ML_MSR_073,0.00132521524694784,-0.007035105744603,0.498799311761952,0.736240269940175,14416,8199,-0.0167608911929308,0.0167608911929308,-0.0167608911929308,0.0167608911929308,Stable,EDS_ML,Peri_PB_073,MSRSUM_GOOD,MSR_073,G_AVG,-,N,N,PERI,PB,PB_3,,,"","","","","",
ML_MSR_074,0.00529182283573807,0.337592555555556,1.20393833853928,1.14175000409973,14416,8199,0.276011421916336,0.276011421916336,0.276011421916336,0.276011421916336,Stable,EDS_ML,Peri_PB_074,MSRSUM_GOOD,MSR_074,G_AVG,-,N,N,PERI,PB,PB_3,,,"","","","","",
ML_MSR_075,0.000654556326304105,0.00354229820709843,0.711336706963289,0.689501499802903,14416,8199,0.00405959913572034,0.00405959913572034,0.00405959913572034,0.00405959913572034,Stable,EDS_ML,Peri_BL_075,MSRSUM_GOOD,MSR_075,G_AVG,-,N,N,PERI,BL,BL_1,,,"","","","","",
ML_MSR_076,-0.0036842301609323,0.00836031845346994,0.57205664902388,0.553243509192203,14416,8199,0.0210548179711821,0.0210548179711821,0.0210548179711821,0.0210548179711821,Stable,EDS_ML,Peri_BL_076,MSRSUM_GOOD,MSR_076,G_AVG,-,N,N,PERI,BL,BL_1,,,"","","","","",
ML_MSR_077,-0.00167931693951165,0.00249969362117331,0.624171231792534,0.602031496828523,14416,8199,0.0066952950533837,0.0066952950533837,0.0066952950533837,0.0066952950533837,Stable,EDS_ML,Peri_BL_077,MSRSUM_GOOD,MSR_077,G_AVG,-,N,N,PERI,BL,BL_1,,,"","","","","",
ML_MSR_078,-0.00309292577691454,0.0288427641175753,1.41477445108919,1.53011556698606,14416,8199,0.0225729902529011,0.0225729902529011,0.0225729902529011,0.0225729902529011,Stable,EDS_ML,Peri_BL_078,MSRSUM_GOOD,MSR_078,G_AVG,-,N,N,PERI,BL,BL_1,,,"","","","","",
ML_MSR_079,-0.00120661320754717,0.346549497865593,0.848829177130884,0.811596098258272,14416,8199,0.409689158245698,0.409689158245698,0.409689158245698,0.409689158245698,Stable,EDS_ML,Peri_BL_079,MSRSUM_GOOD,MSR_079,G_AVG,-,N,N,PERI,BL,BL_1,,,"",Y,"","","",
ML_MSR_080,0.000798116814650389,-0.00273329857299671,0.513992900583795,0.520149840687598,14416,8199,-0.00687055284934111,0.00687055284934111,-0.00687055284934111,0.00687055284934111,Stable,EDS_ML,Peri_BL_080,MSRSUM_GOOD,MSR_080,G_AVG,-,N,D,PERI,BL,BL_1,,,"","","","","",
ML_MSR_081,-0.000256365149833518,-0.000990977314306623,0.41825401149108,0.419233263076905,14416,8199,-0.00175637804848352,0.00175637804848352,-0.00175637804848352,0.00175637804848352,Stable,EDS_ML,Peri_BL_081,MSRSUM_GOOD,MSR_081,G_AVG,-,N,D,PERI,BL,BL_1,,,"","","","","",
ML_MSR_082,0.00265349445061043,0.00202081595316502,0.497031985650629,0.482345890030224,14416,8199,-0.00127291304324654,0.00127291304324654,-0.00127291304324654,0.00127291304324654,Stable,EDS_ML,Peri_BL_082,MSRSUM_GOOD,MSR_082,G_AVG,-,N,D,PERI,BL,BL_1,,,"","","","","",
ML_MSR_083,-0.0052535221281909,0.353102317965606,0.775353215822499,0.74453718057599,14416,8199,0.46218398631861,0.46218398631861,0.46218398631861,0.46218398631861,Stable,EDS_ML,Peri_BL_083,MSRSUM_GOOD,MSR_083,G_AVG,-,N,D,PERI,BL,BL_1,,,"","","","","",
ML_MSR_084,-0.00663662555493896,0.00849658860836687,0.740676958902625,0.997315355655168,14416,8199,0.0204315983930794,0.0204315983930794,0.0204315983930794,0.0204315983930794,Stable,EDS_ML,Peri_BL_084,MSRSUM_GOOD,MSR_084,G_AVG,-,N,D,PERI,BL,BL_1,,,"","","","","",
ML_MSR_085,-0.00204638200610433,0.0098784267593609,0.78525792576097,0.772108397562628,14416,8199,0.0151858496097435,0.0151858496097435,0.0151858496097435,0.0151858496097435,Stable,EDS_ML,Peri_BL_085,MSRSUM_GOOD,MSR_085,G_AVG,-,N,D,PERI,BL,BL_1,,,"","","","","",
ML_MSR_086,0.00122442986958935,-0.0127919469447494,0.532245966042536,0.75896350654997,14416,8199,-0.0263343974564169,0.0263343974564169,-0.0263343974564169,0.0263343974564169,Stable,EDS_ML,Peri_BL_086,MSRSUM_GOOD,MSR_086,G_AVG,-,N,D,PERI,BL,BL_1,,,"","","","","",
ML_MSR_087,-0.00488320213651498,0.00152864727405781,0.837695790227368,0.947849298152736,14416,8199,0.00765415021225365,0.00765415021225365,0.00765415021225365,0.00765415021225365,Stable,EDS_ML,Peri_BL_087,MSRSUM_GOOD,MSR_087,G_AVG,-,N,D,PERI,BL,BL_1,,,"","","","","",
ML_MSR_088,0.114299783990011,0.0986754210269545,0.803183985258337,0.823358956394341,14416,8199,-0.0194530309989076,0.0194530309989076,-0.0194530309989076,0.0194530309989076,Stable,EDS_ML,Peri_BL_088,MSRSUM_GOOD,MSR_088,G_AVG,-,N,D,PERI,BL,BL_1,,,"","","","","",
ML_MSR_089,0.117225291551054,0.102233587510672,0.928163308348029,0.794676325897965,14416,8199,-0.0161520110798875,0.0161520110798875,-0.0161520110798875,0.0161520110798875,Stable,EDS_ML,Peri_BL_089,MSRSUM_GOOD,MSR_089,G_AVG,-,N,D,PERI,BL,BL_1,,,"","","","","",
ML_MSR_090,-0.000829377844062154,-0.00628428869374314,0.512136929077845,0.672920896997735,14416,8199,-0.0106512741807218,0.0106512741807218,-0.0106512741807218,0.0106512741807218,Stable,EDS_ML,Peri_BL_090,MSRSUM_GOOD,MSR_090,G_AVG,-,N,U,PERI,BL,BL_1,,,"","","","","",
ML_MSR_091,0.000900872710876803,0.00119938419319429,0.456926556468883,0.4678283394756,14416,8199,0.000653302982922197,0.000653302982922197,0.000653302982922197,0.000653302982922197,Stable,EDS_ML,Peri_BL_091,MSRSUM_GOOD,MSR_091,G_AVG,-,N,U,PERI,BL,BL_1,,,"","","","","",
ML_MSR_092,0.00534887826026637,-0.00606060604951824,0.666699578202921,0.669740727919571,14416,8199,-0.0171133816231573,0.0171133816231573,-0.0171133816231573,0.0171133816231573,Stable,EDS_ML,Peri_BL_092,MSRSUM_GOOD,MSR_092,G_AVG,-,N,U,PERI,BL,BL_1,,,"","","","","",
ML_MSR_093,-0.00531544526914539,0.00812577850957434,0.546672140886392,0.530278091071348,14416,8199,0.0245873582599722,0.0245873582599722,0.0245873582599722,0.0245873582599722,Stable,EDS_ML,Peri_BL_093,MSRSUM_GOOD,MSR_093,G_AVG,-,N,U,PERI,BL,BL_1,,,"","","","","",
ML_MSR_094,-0.00262593645948946,0.000696191364800586,0.521373202639434,0.778858773158695,14416,8199,0.00637188065568365,0.00637188065568365,0.00637188065568365,0.00637188065568365,Stable,EDS_ML,Peri_BL_094,MSRSUM_GOOD,MSR_094,G_AVG,-,N,U,PERI,BL,BL_1,,,"","","","","",
ML_MSR_095,0.0017355602108768,-0.000677883034516405,0.431027901586883,0.452421351581571,14416,8199,-0.00559927382080793,0.00559927382080793,-0.00559927382080793,0.00559927382080793,Stable,EDS_ML,Peri_BL_095,MSRSUM_GOOD,MSR_095,G_AVG,-,N,U,PERI,BL,BL_1,,,"","","","","",
ML_MSR_096,-0.00132841516370699,-0.0103738080253689,0.76503145861984,1.02225645926901,14416,8199,-0.0118235567436408,0.0118235567436408,-0.0118235567436408,0.0118235567436408,Stable,EDS_ML,Peri_BL_096,MSRSUM_GOOD,MSR_096,G_AVG,-,N,U,PERI,BL,BL_1,,,"","","","","",
ML_MSR_097,0.000932144700332963,0.00905987230150018,0.567157932853899,0.815698624089172,14416,8199,0.0143306249112466,0.0143306249112466,0.0143306249112466,0.0143306249112466,Stable,EDS_ML,Peri_BL_097,MSRSUM_GOOD,MSR_097,G_AVG,-,N,U,PERI,BL,BL_1,,,"","","","","",
ML_MSR_098,-0.000733165926748059,-0.00581045493352848,0.645174863960946,0.740056730019061,14416,8199,-0.00786963239021624,0.00786963239021624,-0.00786963239021624,0.00786963239021624,Stable,EDS_ML,Peri_BL_098,MSRSUM_GOOD,MSR_098,G_AVG,-,N,U,PERI,BL,BL_1,,,"","","","","",
ML_MSR_099,0.110715633393452,0.115627544212709,0.618910361854704,0.665927468647874,14416,8199,0.00793638484987955,0.00793638484987955,0.00793638484987955,0.00793638484987955,Stable,EDS_ML,Peri_BL_099,MSRSUM_GOOD,MSR_099,G_AVG,-,N,U,PERI,BL,BL_1,,,"","","","","",
ML_MSR_100,-0.00101410273307436,0.0031008553482132,0.615253211428275,0.837586097985854,14416,8199,0.00668823503047619,0.00668823503047619,0.00668823503047619,0.00668823503047619,Stable,EDS_ML,Peri_BL_100,MSRSUM_GOOD,MSR_100,G_AVG,-,N,N,PERI,BL,BL_2,,,"","","","","",
ML_MSR_101,0.00344748411487236,0.347279565800707,0.686944188383146,0.677243427328379,14416,8199,0.500524041836804,0.500524041836804,0.500524041836804,0.500524041836804,Up,EDS_ML,Peri_BL_101,MSRSUM_GOOD,MSR_101,G_AVG,-,N,N,PERI,BL,BL_2,,,"","","","","",
ML_MSR_102,0.00262945907325194,0.00049041614831077,0.455253809479021,0.469789276064871,14416,8199,-0.00469857226980491,0.00469857226980491,-0.00469857226980491,0.00469857226980491,Stable,EDS_ML,Peri_BL_102,MSRSUM_GOOD,MSR_102,G_AVG,-,N,N,PERI,BL,BL_2,,,"","","","","",
ML_MSR_103,-0.000494713443396228,-0.0126910869618246,0.668986547903705,0.873679444458224,14416,8199,-0.018231119230493,0.018231119230493,-0.018231119230493,0.018231119230493,Stable,EDS_ML,Peri_BL_103,MSRSUM_GOOD,MSR_103,G_AVG,-,N,N,PERI,BL,BL_2,,,"","","","","",
ML_MSR_104,0.00481432228079911,-0.00998736272716185,0.71720248069268,0.915332454650454,14416,8199,-0.0206380839531751,0.0206380839531751,-0.0206380839531751,0.0206380839531751,Stable,EDS_ML,Peri_BL_104,MSRSUM_GOOD,MSR_104,G_AVG,-,N,N,PERI,BL,BL_2,,,"","","","","",
ML_MSR_105,-0.00132712909267481,-0.00741957470423222,0.620798679404165,0.58901964654573,14416,8199,-0.00981388300858641,0.00981388300858641,-0.00981388300858641,0.00981388300858641,Stable,EDS_ML,Peri_BL_105,MSRSUM_GOOD,MSR_105,G_AVG,-,N,N,PERI,BL,BL_2,,,"","","","","",
ML_MSR_106,0.00336898425360711,0.00342704695694597,0.884095994477057,0.873377608339628,14416,8199,6.56746594279158e-05,6.56746594279158e-05,6.56746594279158e-05,6.56746594279158e-05,Stable,EDS_ML,Peri_BL_106,MSRSUM_GOOD,MSR_106,G_AVG,-,N,N,PERI,BL,BL_2,,,"","","","","",
ML_MSR_107,-0.00165860252497225,-0.0061634509086474,0.609133006040376,0.829234835725453,14416,8199,-0.00739550859829215,0.00739550859829215,-0.00739550859829215,0.00739550859829215,Stable,EDS_ML,Peri_BL_107,MSRSUM_GOOD,MSR_107,G_AVG,-,N,N,PERI,BL,BL_2,,,"","","","","",
ML_MSR_108,-0.00345099021920089,-0.00480583339431638,0.777562958487898,1.09160892279588,14416,8199,-0.00174242247566707,0.00174242247566707,-0.00174242247566707,0.00174242247566707,Stable,EDS_ML,Peri_BL_108,MSRSUM_GOOD,MSR_108,G_AVG,-,N,N,PERI,BL,BL_2,,,"","","","","",
ML_MSR_109,0.00160830646503885,-0.0110204681058666,0.981652298442192,0.974417639866215,14416,8199,-0.012864814345106,0.012864814345106,-0.012864814345106,0.012864814345106,Stable,EDS_ML,Peri_BL_109,MSRSUM_GOOD,MSR_109,G_AVG,-,N,N,PERI,BL,BL_2,,,"","","","","",
ML_MSR_110,-0.00343942591564928,-0.00332522600317112,0.72885030440313,0.728425433625361,14416,8199,0.000156685003475001,0.000156685003475001,0.000156685003475001,0.000156685003475001,Stable,EDS_ML,Peri_BL_110,MSRSUM_GOOD,MSR_110,G_AVG,-,N,D,PERI,BL,BL_2,,,"","","","","",
ML_MSR_111,-0.000701813263041066,-0.00306615343334553,0.541240295606437,0.544851875423439,14416,8199,-0.0043683742498428,0.0043683742498428,-0.0043683742498428,0.0043683742498428,Stable,EDS_ML,Peri_BL_111,MSRSUM_GOOD,MSR_111,G_AVG,-,N,D,PERI,BL,BL_2,,,"","","","","",
ML_MSR_112,-0.0012860276082131,0.00837764946944749,0.883575962958544,0.879957311427723,14416,8199,0.0109370076629325,0.0109370076629325,0.0109370076629325,0.0109370076629325,Stable,EDS_ML,Peri_BL_112,MSRSUM_GOOD,MSR_112,G_AVG,-,N,D,PERI,BL,BL_2,,,"","","","","",
ML_MSR_113,-0.0038778426054384,0.00880687425295768,0.39809228561449,0.534049993417488,14416,8199,0.0318637595270557,0.0318637595270557,0.0318637595270557,0.0318637595270557,Stable,EDS_ML,Peri_BL_113,MSRSUM_GOOD,MSR_113,G_AVG,-,N,D,PERI,BL,BL_2,,,"","","","","",
ML_MSR_114,-0.000392772613762486,0.000825648859617027,0.505255746508166,0.521718374094761,14416,8199,0.00241149453875597,0.00241149453875597,0.00241149453875597,0.00241149453875597,Stable,EDS_ML,Peri_BL_114,MSRSUM_GOOD,MSR_114,G_AVG,-,N,D,PERI,BL,BL_2,,,"","","","","",
ML_MSR_115,0.000680946656492784,-0.00145626649591414,0.862474893388231,1.0374514950427,14416,8199,-0.00247800042504528,0.00247800042504528,-0.00247800042504528,0.00247800042504528,Stable,EDS_ML,Peri_BL_115,MSRSUM_GOOD,MSR_115,G_AVG,-,N,D,PERI,BL,BL_2,,,"","","","","",
ML_MSR_116,0.0078448118063263,-0.00792359251128186,0.741028834768982,0.745932141175962,14416,8199,-0.0212790698252977,0.0212790698252977,-0.0212790698252977,0.0212790698252977,Stable,EDS_ML,Peri_BL_116,MSRSUM_GOOD,MSR_116,G_AVG,-,N,D,PERI,BL,BL_2,,,"","","","","",
ML_MSR_117,-0.000351598917869035,0.00398272472252714,0.649400474835119,0.641281155941359,14416,8199,0.00667434627530361,0.00667434627530361,0.00667434627530361,0.00667434627530361,Stable,EDS_ML,Peri_BL_117,MSRSUM_GOOD,MSR_117,G_AVG,-,N,D,PERI,BL,BL_2,,,"","","","","",
ML_MSR_118,-0.00279771899278579,0.000872358702280766,0.589117184571338,0.784640087824784,14416,8199,0.00622979229121798,0.00622979229121798,0.00622979229121798,0.00622979229121798,Stable,EDS_ML,Peri_BL_118,MSRSUM_GOOD,MSR_118,G_AVG,-,N,D,PERI,BL,BL_2,,,"","","","","",
ML_MSR_119,0.00462051144561598,-0.0131588566898402,0.613444989862906,0.810776306306472,14416,8199,-0.0289828239357364,0.0289828239357364,-0.0289828239357364,0.0289828239357364,Stable,EDS_ML,Peri_BL_119,MSRSUM_GOOD,MSR_119,G_AVG,-,N,D,PERI,BL,BL_2,,,"","","","","",
ML_MSR_120,0.113960531562153,0.112551526039761,0.424358764676073,0.408181101611527,14416,8199,-0.00332031676892018,0.00332031676892018,-0.00332031676892018,0.00332031676892018,Stable,EDS_ML,Peri_BL_120,MSRSUM_GOOD,MSR_120,G_AVG,-,N,U,PERI,BL,BL_2,,,"","","","","",
ML_MSR_121,0.00219314463096559,0.33952421136724,0.629461553608662,0.631714960916953,14416,8199,0.535904162537612,0.535904162537612,0.535904162537612,0.535904162537612,Up,EDS_ML,Peri_BL_121,MSRSUM_GOOD,MSR_121,G_AVG,-,N,U,PERI,BL,BL_2,,,"","","","","",
ML_MSR_122,-0.00140161757769145,0.351590772167337,0.484300360120135,0.478798070976089,14416,8199,0.72887079757171,0.72887079757171,0.72887079757171,0.72887079757171,Up,EDS_ML,Peri_BL_122,MSRSUM_GOOD,MSR_122,G_AVG,-,N,U,PERI,BL,BL_2,,,"","","","","",
ML_MSR_123,-0.00236710502219756,0.000932004268813269,0.581359631517542,0.643870295435218,14416,8199,0.00567481660602931,0.00567481660602931,0.00567481660602931,0.00567481660602931,Stable,EDS_ML,Peri_BL_123,MSRSUM_GOOD,MSR_123,G_AVG,-,N,U,PERI,BL,BL_2,,,"","","","","",
ML_MSR_124,-0.00290292341842397,0.00529134784729845,0.512469124774336,0.678835350830914,14416,8199,0.0159897852760022,0.0159897852760022,0.0159897852760022,0.0159897852760022,Stable,EDS_ML,Peri_BL_124,MSRSUM_GOOD,MSR_124,G_AVG,-,N,U,PERI,BL,BL_2,,,"","","","","",
ML_MSR_125,0.00301106055771365,-0.00808902268569338,1.26547816957132,1.27785426942854,14416,8199,-0.00877145375582984,0.00877145375582984,-0.00877145375582984,0.00877145375582984,Stable,EDS_ML,Peri_BL_125,MSRSUM_GOOD,MSR_125,G_AVG,-,N,U,PERI,BL,BL_3,,,"","","","","",
ML_MSR_126,0.00252941481687014,-0.00651188047322844,0.54060447872097,0.579588753871948,14416,8199,-0.0167244180282961,0.0167244180282961,-0.0167244180282961,0.0167244180282961,Stable,EDS_ML,Peri_BL_126,MSRSUM_GOOD,MSR_126,G_AVG,-,N,U,PERI,BL,BL_3,,,"","","","","",
ML_MSR_127,0.114203850790788,0.105596827783876,0.850609748085997,0.812430525477133,14416,8199,-0.01011865079877,0.01011865079877,-0.01011865079877,0.01011865079877,Stable,EDS_ML,Peri_BL_127,MSRSUM_GOOD,MSR_127,G_AVG,-,N,U,PERI,BL,BL_3,,,"","","","","",
ML_MSR_128,0.00212141336015538,-0.00189453323576046,0.619519026485229,0.829122740514137,14416,8199,-0.00648236200056657,0.00648236200056657,-0.00648236200056657,0.00648236200056657,Stable,EDS_ML,Peri_BL_128,MSRSUM_GOOD,MSR_128,G_AVG,-,N,U,PERI,BL,BL_3,,,"","","","","",
ML_MSR_129,-0.000802226831298558,0.00572403232101476,0.640897566374437,0.841110425818497,14416,8199,0.0101829988046802,0.0101829988046802,0.0101829988046802,0.0101829988046802,Stable,EDS_ML,Peri_BL_129,MSRSUM_GOOD,MSR_129,G_AVG,-,N,U,PERI,BL,BL_3,,,"","","","","",
ML_MSR_130,-0.00459341197280799,-0.000432815221368459,0.632623548222241,0.610977919426768,14416,8199,0.00657673392514614,0.00657673392514614,0.00657673392514614,0.00657673392514614,Stable,EDS_ML,Peri_BL_130,MSRSUM_GOOD,MSR_130,G_AVG,-,N,N,PERI,BL,BL_3,,,"","","","","",
ML_MSR_131,-0.000659236889567146,0.0159034992072204,1.24425529230698,1.24401635332575,14416,8199,0.0133113647972343,0.0133113647972343,0.0133113647972343,0.0133113647972343,Stable,EDS_ML,Peri_BL_131,MSRSUM_GOOD,MSR_131,G_AVG,-,N,N,PERI,BL,BL_3,,,"","","","","",
ML_MSR_132,0.000776380965593784,-0.000224212586900842,0.418473211371891,0.418501280608803,14416,8199,-0.00239105760011341,0.00239105760011341,-0.00239105760011341,0.00239105760011341,Stable,EDS_ML,Peri_BL_132,MSRSUM_GOOD,MSR_132,G_AVG,-,N,N,PERI,BL,BL_3,,,"","","","","",
ML_MSR_133,0.00306895511931187,0.337972262836931,1.12355543420717,1.12719112246261,14416,8199,0.29807457426784,0.29807457426784,0.29807457426784,0.29807457426784,Stable,EDS_ML,Peri_BL_133,MSRSUM_GOOD,MSR_133,G_AVG,-,N,N,PERI,BL,BL_3,,,"","","","","",
ML_MSR_134,0.0022341669672586,-0.00259768179046225,0.64397871199373,0.862977320465504,14416,8199,-0.00750311876422384,0.00750311876422384,-0.00750311876422384,0.00750311876422384,Stable,EDS_ML,Peri_BL_134,MSRSUM_GOOD,MSR_134,G_AVG,-,N,N,PERI,BL,BL_3,,,Y,Y,"","","",
ML_MSR_135,-0.00382680313540511,0.00892178241248933,0.704091230147661,0.536722062807678,14416,8199,0.0181064399072558,0.0181064399072558,0.0181064399072558,0.0181064399072558,Stable,EDS_ML,Peri_BL_135,MSRSUM_GOOD,MSR_135,G_AVG,-,N,N,PERI,BL,BL_3,,,"","","","","",
ML_MSR_136,-0.00255219284128746,0.00173774387120381,0.524959655362468,0.507248180259509,14416,8199,0.00817193601197638,0.00817193601197638,0.00817193601197638,0.00817193601197638,Stable,EDS_ML,Peri_BL_136,MSRSUM_GOOD,MSR_136,G_AVG,-,N,N,PERI,BL,BL_3,,,"","","","","",
ML_MSR_137,-0.00337943403163152,0.00213824759116966,0.779363463752028,0.773996957475391,14416,8199,0.00707972836734973,0.00707972836734973,0.00707972836734973,0.00707972836734973,Stable,EDS_ML,Peri_BL_137,MSRSUM_GOOD,MSR_137,G_AVG,-,N,N,PERI,BL,BL_3,,,"","","","","",
ML_MSR_138,0.000558356062708101,0.0075632392974753,0.608799683922468,0.820056557183979,14416,8199,0.011506055965133,0.011506055965133,0.011506055965133,0.011506055965133,Stable,EDS_ML,Peri_BL_138,MSRSUM_GOOD,MSR_138,G_AVG,-,N,N,PERI,BL,BL_3,,,"","","","","",
ML_MSR_139,0.00327704245283019,0.346047378582754,0.62651786974209,0.62125183660123,14416,8199,0.547103846010055,0.547103846010055,0.547103846010055,0.547103846010055,Up,EDS_ML,Peri_BL_139,MSRSUM_GOOD,MSR_139,G_AVG,-,N,N,PERI,BL,BL_3,,,"","","","","",
ML_MSR_140,0.000696187153163153,0.00539565812904013,0.600423616460495,0.762707066112888,14416,8199,0.00782692560226131,0.00782692560226131,0.00782692560226131,0.00782692560226131,Stable,EDS_ML,Peri_BL_140,MSRSUM_GOOD,MSR_140,G_AVG,-,N,D,PERI,BL,BL_3,,,"","","","","",
ML_MSR_141,-0.000699575471698114,0.346910106232467,0.638821399973821,0.623890970377837,14416,8199,0.544142199554384,0.544142199554384,0.544142199554384,0.544142199554384,Up,EDS_ML,Peri_BL_141,MSRSUM_GOOD,MSR_141,G_AVG,-,N,D,PERI,BL,BL_3,,,"","","","","",
ML_MSR_142,-0.00314529897336293,-9.56567874131092e-06,1.0368955604256,1.04045446049228,14416,8199,0.00302415538681113,0.00302415538681113,0.00302415538681113,0.00302415538681113,Stable,EDS_ML,Peri_BL_142,MSRSUM_GOOD,MSR_142,G_AVG,-,N,D,PERI,BL,BL_3,,,"","","","","",
ML_MSR_143,0.000857311806326304,-0.00402118331503842,0.783104297879696,0.771349233127595,14416,8199,-0.00622968758385512,0.00622968758385512,-0.00622968758385512,0.00622968758385512,Stable,EDS_ML,Peri_BL_143,MSRSUM_GOOD,MSR_143,G_AVG,-,N,D,PERI,BL,BL_3,,,"","","","","",
ML_MSR_144,-0.00119302809378468,0.00182921063544335,0.751440613945331,0.742004084265842,14416,8199,0.00402192624825028,0.00402192624825028,0.00402192624825028,0.00402192624825028,Stable,EDS_ML,Peri_BL_144,MSRSUM_GOOD,MSR_144,G_AVG,-,N,D,PERI,BL,BL_3,,,"","","","","",
ML_MSR_145,0.000121094825194226,0.00341854128552262,0.923244593067259,0.923048752465994,14416,8199,0.00357158491378045,0.00357158491378045,0.00357158491378045,0.00357158491378045,Stable,EDS_ML,Peri_BL_145,MSRSUM_GOOD,MSR_145,G_AVG,-,N,D,PERI,BL,BL_3,,,"","","","","",
ML_MSR_146,-0.00114001290233074,0.350359978412001,0.782117546534491,0.792512906893997,14416,8199,0.44942092511772,0.44942092511772,0.44942092511772,0.44942092511772,Stable,EDS_ML,Peri_BL_146,MSRSUM_GOOD,MSR_146,G_AVG,-,N,D,PERI,BL,BL_3,,,"","","","","",
ML_MSR_147,-0.00295776352663707,0.00134587559458471,0.767049151877058,0.941937455934515,14416,8199,0.00561064321717881,0.00561064321717881,0.00561064321717881,0.00561064321717881,Stable,EDS_ML,Peri_BL_147,MSRSUM_GOOD,MSR_147,G_AVG,-,N,D,PERI,BL,BL_3,,,"","","","","",
ML_MSR_148,-0.00158824257769145,-0.00406793706549579,0.924790519404118,1.05336867966592,14416,8199,-0.00268135803273817,0.00268135803273817,-0.00268135803273817,0.00268135803273817,Stable,EDS_ML,Peri_BL_148,MSRSUM_GOOD,MSR_148,G_AVG,-,N,D,PERI,BL,BL_3,,,"","","","","",
ML_MSR_149,-0.000518448806881248,0.0379368463227223,2.32256956496587,3.135117086874,14416,8199,0.0165572199471101,0.0165572199471101,0.0165572199471101,0.0165572199471101,Stable,EDS_ML,Peri_BL_149,MSRSUM_GOOD,MSR_149,G_AVG,-,N,D,PERI,BL,BL_3,,,"","","","","",
ML_MSR_150,0.00319622461154273,0.00765972764971338,1.43549587739096,1.42611033192213,14416,8199,0.00310938060392285,0.00310938060392285,0.00310938060392285,0.00310938060392285,Stable,EDS_ML,Cell_WLS_150,MSRSUM_GOOD,MSR_150,G_AVG,-,N,U,CELL,WLS,WLS_1,,,"","",WLS,1WL,WL000,1
ML_MSR_151,0.00476042355715871,-0.0166323163800463,1.12393922039874,1.12665930791899,14416,8199,-0.0190337160132338,0.0190337160132338,-0.0190337160132338,0.0190337160132338,Stable,EDS_ML,Cell_WLS_151,MSRSUM_GOOD,MSR_151,G_AVG,-,N,U,CELL,WLS,WLS_1,,,"","",WLS,1WL,WL001,2
ML_MSR_152,-0.000507355785238623,0.00103875436028784,0.375445839434075,0.516632926606012,14416,8199,0.00411806440006628,0.00411806440006628,0.00411806440006628,0.00411806440006628,Stable,EDS_ML,Cell_WLS_152,MSRSUM_GOOD,MSR_152,G_AVG,-,N,U,CELL,WLS,WLS_1,,,"","",WLS,1WL,WL002,3
ML_MSR_153,-0.00177797717813541,0.362826900597634,0.743671496613595,0.746195984897277,14416,8199,0.490276794842945,0.490276794842945,0.490276794842945,0.490276794842945,Stable,EDS_ML,Cell_WLS_153,MSRSUM_GOOD,MSR_153,G_AVG,-,N,U,CELL,WLS,WLS_1,,,"","",WLS,1WL,WL003,4
ML_MSR_154,0.00230457859322974,-4.41339187705816e-05,1.02081977611946,1.01124985251018,14416,8199,-0.00230081015958439,0.00230081015958439,-0.00230081015958439,0.00230081015958439,Stable,EDS_ML,Cell_WLS_154,MSRSUM_GOOD,MSR_154,G_AVG,-,N,U,CELL,WLS,WLS_1,,,"","",WLS,1WL,WL004,5
ML_MSR_155,-3.39636514983346e-05,-0.002952317233809,0.792890343292006,1.05731585606013,14416,8199,-0.00368065219484694,0.00368065219484694,-0.00368065219484694,0.00368065219484694,Stable,EDS_ML,Cell_WLS_155,MSRSUM_GOOD,MSR_155,G_AVG,-,N,U,CELL,WLS,WLS_1,,,"","",WLS,1WL,WL005,6
ML_MSR_156,-0.00295926644006659,0.00300199707281376,0.394961890983972,0.527893707739425,14416,8199,0.015093262537378,0.015093262537378,0.015093262537378,0.015093262537378,Stable,EDS_ML,Cell_WLS_156,MSRSUM_GOOD,MSR_156,G_AVG,-,N,U,CELL,WLS,WLS_1,,,"","",WLS,1WL,WL006,7
ML_MSR_157,-0.000927125763041063,-0.0111409619465789,1.18564350581479,1.18176347639761,14416,8199,-0.00861459294758138,0.00861459294758138,-0.00861459294758138,0.00861459294758138,Stable,EDS_ML,Cell_WLS_157,MSRSUM_GOOD,MSR_157,G_AVG,-,N,U,CELL,WLS,WLS_1,,,"","",WLS,1WL,WL007,8
ML_MSR_158,-0.00112100235849056,-0.0163019158433955,1.37048824361412,1.3780833106617,14416,8199,-0.0110770110985201,0.0110770110985201,-0.0110770110985201,0.0110770110985201,Stable,EDS_ML,Cell_WLS_158,MSRSUM_GOOD,MSR_158,G_AVG,-,N,U,CELL,WLS,WLS_1,,,"","",WLS,1WL,WL008,9
ML_MSR_159,-0.0041113599472808,0.00796967849737773,0.835006117770895,0.835628311056279,14416,8199,0.0144682035107835,0.0144682035107835,0.0144682035107835,0.0144682035107835,Stable,EDS_ML,Cell_WLS_159,MSRSUM_GOOD,MSR_159,G_AVG,-,N,U,CELL,WLS,WLS_1,,,"","",WLS,1WL,CDUM1,10
ML_MSR_160,-0.00177938339345172,0.00608004329796317,0.478613280125034,0.722268818672335,14416,8199,0.0164212465842186,0.0164212465842186,0.0164212465842186,0.0164212465842186,Stable,EDS_ML,Cell_WLS_160,MSRSUM_GOOD,MSR_160,G_AVG,-,N,N,CELL,WLS,WLS_1,,,"","",WLS,1WL,CDUM2,11
ML_MSR_161,0.00441484725305217,0.000484478960848884,1.11584752470272,1.10419885142969,14416,8199,-0.00352231662946099,0.00352231662946099,-0.00352231662946099,0.00352231662946099,Stable,EDS_ML,Cell_WLS_161,MSRSUM_GOOD,MSR_161,G_AVG,-,N,N,CELL,WLS,WLS_1,,,"","",WLS,1WL,WL009,12
ML_MSR_162,-0.00116675846281909,0.0102680440297597,0.988291328506538,1.35270201730186,14416,8199,0.0115702750421362,0.0115702750421362,0.0115702750421362,0.0115702750421362,Stable,EDS_ML,Cell_WLS_162,MSRSUM_GOOD,MSR_162,G_AVG,-,N,N,CELL,WLS,WLS_1,,,"","",WLS,1WL,WL010,13
ML_MSR_163,0.00665027753884573,-0.0152480325649469,0.61131282717237,0.848784009256539,14416,8199,-0.0358217742707664,0.0358217742707664,-0.0358217742707664,0.0358217742707664,Stable,EDS_ML,Cell_WLS_163,MSRSUM_GOOD,MSR_163,G_AVG,-,N,N,CELL,WLS,WLS_1,,,"","",WLS,1WL,WL011,14
ML_MSR_164,-0.00219060800499445,-0.00524908513233321,0.959245171230861,0.96224449236656,14416,8199,-0.00318842066560966,0.00318842066560966,-0.00318842066560966,0.00318842066560966,Stable,EDS_ML,Cell_WLS_164,MSRSUM_GOOD,MSR_164,G_AVG,-,N,N,CELL,WLS,WLS_1,,,"","",WLS,1WL,WL012,15
ML_MSR_165,0.00231282491675916,0.00647109501158678,1.07802512839718,1.0807264282084,14416,8199,0.00385730349440943,0.00385730349440943,0.00385730349440943,0.00385730349440943,Stable,EDS_ML,Cell_WLS_165,MSRSUM_GOOD,MSR_165,G_AVG,-,N,N,CELL,WLS,WLS_1,,,"","",WLS,1WL,WL013,16
ML_MSR_166,0.000714274139844615,0.00150665337236248,1.82469010004183,1.81365415927858,14416,8199,0.000434254141292103,0.000434254141292103,0.000434254141292103,0.000434254141292103,Stable,EDS_ML,Cell_WLS_166,MSRSUM_GOOD,MSR_166,G_AVG,-,N,N,CELL,WLS,WLS_1,,,"","",WLS,1WL,WL014,17
ML_MSR_167,0.000788420504994452,0.346759371752653,0.999732756177225,1.00513019931299,14416,8199,0.346063434562834,0.346063434562834,0.346063434562834,0.346063434562834,Stable,EDS_ML,Cell_WLS_167,MSRSUM_GOOD,MSR_167,G_AVG,-,N,N,CELL,WLS,WLS_1,,,"","",WLS,1WL,WL015,18
ML_MSR_168,0.00234742452830189,-0.00472508562019759,0.845435063631466,0.836970366871833,14416,8199,-0.00836552735123185,0.00836552735123185,-0.00836552735123185,0.00836552735123185,Stable,EDS_ML,Cell_WLS_168,MSRSUM_GOOD,MSR_168,G_AVG,-,N,N,CELL,WLS,WLS_1,,,"","",WLS,1WL,WL016,19
ML_MSR_169,-0.00289992626248613,-0.00485745395779973,0.651928570038096,0.65633790529955,14416,8199,-0.00300267204917744,0.00300267204917744,-0.00300267204917744,0.00300267204917744,Stable,EDS_ML,Cell_WLS_169,MSRSUM_GOOD,MSR_169,G_AVG,-,N,N,CELL,WLS,WLS_1,,,"","",WLS,1WL,WL017,20
ML_MSR_170,0.0012094082963374,-0.00328720636663008,0.608027189069221,0.852055653536906,14416,8199,-0.00739541708628356,0.00739541708628356,-0.00739541708628356,0.00739541708628356,Stable,EDS_ML,Cell_WLS_170,MSRSUM_GOOD,MSR_170,G_AVG,-,N,D,CELL,WLS,WLS_1,,,"","","","","",
ML_MSR_171,0.00824437423695894,-0.0161855196975241,1.33301477748134,1.79331887653553,14416,8199,-0.0183267990326725,0.0183267990326725,-0.0183267990326725,0.0183267990326725,Stable,EDS_ML,Cell_WLS_171,MSRSUM_GOOD,MSR_171,G_AVG,-,N,D,CELL,WLS,WLS_1,,,"","","","","",
ML_MSR_172,-0.000925516301331854,0.00714272899134041,0.730087449263719,0.72552332551233,14416,8199,0.0110510669657573,0.0110510669657573,0.0110510669657573,0.0110510669657573,Stable,EDS_ML,Cell_WLS_172,MSRSUM_GOOD,MSR_172,G_AVG,-,N,D,CELL,WLS,WLS_1,,,"","","","","",
ML_MSR_173,-0.0029139089900111,0.00012066434931089,1.08494099142976,1.09545074230421,14416,8199,0.00279699390408594,0.00279699390408594,0.00279699390408594,0.00279699390408594,Stable,EDS_ML,Cell_WLS_173,MSRSUM_GOOD,MSR_173,G_AVG,-,N,D,CELL,WLS,WLS_1,,,"","","","","",
ML_MSR_174,0.000759968507214208,0.35573741712404,1.06926037559096,1.05695713152232,14416,8199,0.331984104826326,0.331984104826326,0.331984104826326,0.331984104826326,Stable,EDS_ML,Cell_WLS_174,MSRSUM_GOOD,MSR_174,G_AVG,-,N,D,CELL,WLS,WLS_1,,,"","","","","",
ML_MSR_175,0.00342525887902331,-0.00327372313696792,0.860589692147215,0.807101412852994,14416,8199,-0.00778417645147123,0.00778417645147123,-0.00778417645147123,0.00778417645147123,Stable,EDS_ML,Cell_WLS_175,MSRSUM_GOOD,MSR_175,G_AVG,-,N,D,CELL,WLS,WLS_2,,,"","",WLS,2WL,WL000,1
ML_MSR_176,0.000610091842397338,0.34522858226613,1.08961877662175,1.09301077301353,14416,8199,0.316274368446722,0.316274368446722,0.316274368446722,0.316274368446722,Stable,EDS_ML,Cell_WLS_176,MSRSUM_GOOD,MSR_176,G_AVG,-,N,D,CELL,WLS,WLS_2,,,"","",WLS,2WL,WL001,2
ML_MSR_177,-0.00728937957824639,0.0169397035004269,0.850865274415396,0.894140571856636,14416,8199,0.0284758160982893,0.0284758160982893,0.0284758160982893,0.0284758160982893,Stable,EDS_ML,Cell_WLS_177,MSRSUM_GOOD,MSR_177,G_AVG,-,N,D,CELL,WLS,WLS_2,,,"","",WLS,2WL,WL002,3
ML_MSR_178,0.112521223779134,0.115629989266984,0.478097589636095,0.611442557281401,14416,8199,0.00650236595046573,0.00650236595046573,0.00650236595046573,0.00650236595046573,Stable,EDS_ML,Cell_WLS_178,MSRSUM_GOOD,MSR_178,G_AVG,-,N,D,CELL,WLS,WLS_2,,,"","",WLS,2WL,WL003,4
ML_MSR_179,0.00332530486958935,-0.00187534906695939,0.568793377934193,0.552317741665414,14416,8199,-0.00914330957128412,0.00914330957128412,-0.00914330957128412,0.00914330957128412,Stable,EDS_ML,Cell_WLS_179,MSRSUM_GOOD,MSR_179,G_AVG,-,N,D,CELL,WLS,WLS_2,,,"","",WLS,2WL,WL004,5
ML_MSR_180,0.000606504370144285,-0.00594297731430662,0.817701820753429,0.838485659265282,14416,8199,-0.00800962101125839,0.00800962101125839,-0.00800962101125839,0.00800962101125839,Stable,EDS_ML,Cell_WLS_180,MSRSUM_GOOD,MSR_180,G_AVG,-,N,U,CELL,WLS,WLS_2,,,Y,"",WLS,2WL,WL005,6
ML_MSR_181,0.00108952726137625,0.000331377363093061,0.38872325552848,0.410947040037962,14416,8199,-0.00195035899576541,0.00195035899576541,-0.00195035899576541,0.00195035899576541,Stable,EDS_ML,Cell_WLS_181,MSRSUM_GOOD,MSR_181,G_AVG,-,N,U,CELL,WLS,WLS_2,,,"","",WLS,2WL,WL006,7
ML_MSR_182,-0.000746310627081018,-0.0109479604829857,0.813850837552027,0.814073855218951,14416,8199,-0.0125350363791357,0.0125350363791357,-0.0125350363791357,0.0125350363791357,Stable,EDS_ML,Cell_WLS_182,MSRSUM_GOOD,MSR_182,G_AVG,-,N,U,CELL,WLS,WLS_2,,,"","",WLS,2WL,WL007,8
ML_MSR_183,-0.000989842258601556,0.344384167703379,1.45803914638233,1.45099024183707,14416,8199,0.236875677048122,0.236875677048122,0.236875677048122,0.236875677048122,Stable,EDS_ML,Cell_WLS_183,MSRSUM_GOOD,MSR_183,G_AVG,-,N,U,CELL,WLS,WLS_2,,,"","",WLS,2WL,WL008,9
ML_MSR_184,0.000592098085460601,0.00560048213196731,0.672881141614072,0.642567866989452,14416,8199,0.00744319276728854,0.00744319276728854,0.00744319276728854,0.00744319276728854,Stable,EDS_ML,Cell_WLS_184,MSRSUM_GOOD,MSR_184,G_AVG,-,N,U,CELL,WLS,WLS_2,,,"","",WLS,2WL,CDUM1,10
ML_MSR_185,0.00190590683962264,-0.0127183901695329,0.623535272340173,0.663630455562922,14416,8199,-0.0234538407976015,0.0234538407976015,-0.0234538407976015,0.0234538407976015,Stable,EDS_ML,Cell_WLS_185,MSRSUM_GOOD,MSR_185,G_AVG,-,N,U,CELL,WLS,WLS_2,,,"","",WLS,2WL,CDUM2,11
ML_MSR_186,-0.00263613325471698,-0.0187128100987925,1.03842114461211,1.41881563096771,14416,8199,-0.0154818465778456,0.0154818465778456,-0.0154818465778456,0.0154818465778456,Stable,EDS_ML,Cell_WLS_186,MSRSUM_GOOD,MSR_186,G_AVG,-,N,U,CELL,WLS,WLS_2,,,"","",WLS,2WL,WL009,12
ML_MSR_187,0.00086594242508324,-0.00210675497011831,0.630182394354466,0.858254061664639,14416,8199,-0.00471720159406653,0.00471720159406653,-0.00471720159406653,0.00471720159406653,Stable,EDS_ML,Cell_WLS_187,MSRSUM_GOOD,MSR_187,G_AVG,-,N,U,CELL,WLS,WLS_2,,,"","",WLS,2WL,WL010,13
ML_MSR_188,0.116360088512764,0.106319251738017,0.694721187396883,0.585341477793386,14416,8199,-0.014453045274709,0.014453045274709,-0.014453045274709,0.014453045274709,Stable,EDS_ML,Cell_WLS_188,MSRSUM_GOOD,MSR_188,G_AVG,-,N,U,CELL,WLS,WLS_2,,,"","",WLS,2WL,WL011,14
ML_MSR_189,-0.00178055743618202,-0.00647274631052567,0.695071212357262,0.715141568125971,14416,8199,-0.00675065919998411,0.00675065919998411,-0.00675065919998411,0.00675065919998411,Stable,EDS_ML,Cell_WLS_189,MSRSUM_GOOD,MSR_189,G_AVG,-,N,U,CELL,WLS,WLS_2,,,"","",WLS,2WL,WL012,15
ML_MSR_190,0.000638634225860156,-0.00569039090132943,0.459059699654815,0.625173370307688,14416,8199,-0.0137869325753244,0.0137869325753244,-0.0137869325753244,0.0137869325753244,Stable,EDS_ML,Cell_WLS_190,MSRSUM_GOOD,MSR_190,G_AVG,-,N,N,CELL,WLS,WLS_2,,,"","",WLS,2WL,WL013,16
ML_MSR_191,0.000243372017203106,-0.0122331412367362,0.951880429670061,0.964703516642091,14416,8199,-0.0131072274048789,0.0131072274048789,-0.0131072274048789,0.0131072274048789,Stable,EDS_ML,Cell_WLS_191,MSRSUM_GOOD,MSR_191,G_AVG,-,N,N,CELL,WLS,WLS_2,,,"","",WLS,2WL,WL014,17
ML_MSR_192,-0.00142075769977802,0.00333163983412611,0.599981307478262,0.607466436885132,14416,8199,0.00792090932612317,0.00792090932612317,0.00792090932612317,0.00792090932612317,Stable,EDS_ML,Cell_WLS_192,MSRSUM_GOOD,MSR_192,G_AVG,-,N,N,CELL,WLS,WLS_2,,,"","",WLS,2WL,WL015,18
ML_MSR_193,0.00273290288568257,0.340223112818636,0.653345722655225,0.63709125727153,14416,8199,0.516556852260973,0.516556852260973,0.516556852260973,0.516556852260973,Up,EDS_ML,Cell_WLS_193,MSRSUM_GOOD,MSR_193,G_AVG,-,N,N,CELL,WLS,WLS_2,,,"","",WLS,2WL,WL016,19
ML_MSR_194,-0.000212132006104328,-0.00657563678497378,1.46238674597221,1.46674344130296,14416,8199,-0.00435145134923863,0.00435145134923863,-0.00435145134923863,0.00435145134923863,Stable,EDS_ML,Cell_WLS_194,MSRSUM_GOOD,MSR_194,G_AVG,-,N,N,CELL,WLS,WLS_2,,,"","",WLS,2WL,WL017,20
ML_MSR_195,-4.58622364039936e-05,0.00299079534089523,0.920583118692914,1.06356914041091,14416,8199,0.00329862400867269,0.00329862400867269,0.00329862400867269,0.00329862400867269,Stable,EDS_ML,Cell_WLS_195,MSRSUM_GOOD,MSR_195,G_AVG,-,N,N,CELL,WLS,WLS_2,,,"","","","","",
ML_MSR_196,-0.00186750721420644,0.349241673374802,0.640345791309529,0.64152795710608,14416,8199,0.548311842373443,0.548311842373443,0.548311842373443,0.548311842373443,Up,EDS_ML,Cell_WLS_196,MSRSUM_GOOD,MSR_196,G_AVG,-,N,N,CELL,WLS,WLS_2,,,"","","","","",
ML_MSR_197,0.115360690760266,0.108809877180144,0.453237063229306,0.621426139868936,14416,8199,-0.0144533934039905,0.0144533934039905,-0.0144533934039905,0.0144533934039905,Stable,EDS_ML,Cell_WLS_197,MSRSUM_GOOD,MSR_197,G_AVG,-,N,N,CELL,WLS,WLS_2,,,"","","","","",
ML_MSR_198,-0.000877800707547168,0.00261332540553726,1.03907063474175,1.03644185491462,14416,8199,0.00335985446644068,0.00335985446644068,0.00335985446644068,0.00335985446644068,Stable,EDS_ML,Cell_WLS_198,MSRSUM_GOOD,MSR_198,G_AVG,-,N,N,CELL,WLS,WLS_2,,,"","","","","",
ML_MSR_199,-0.00180469956992231,0.00248010306134894,0.829733226068585,0.820299623581895,14416,8199,0.00516407261593387,0.00516407261593387,0.00516407261593387,0.00516407261593387,Stable,EDS_ML,Cell_WLS_199,MSRSUM_GOOD,MSR_199,G_AVG,-,N,N,CELL,WLS,WLS_2,,,"","","","","",
ML_MSR_200,0.000585345172031075,-0.00487258738870594,0.833593836237083,0.83130550431457,14416,8199,-0.00654747231022558,0.00654747231022558,-0.00654747231022558,0.00654747231022558,Stable,EDS_ML,Cell_TCMC_200,MSRSUM_GOOD,MSR_200,G_AVG,-,N,D,CELL,TCMC,TCMC_1,,,"","","","","",
ML_MSR_201,-0.000707864039955605,0.00718010696426394,0.610238488750784,0.809551690273547,14416,8199,0.0129260463730614,0.0129260463730614,0.0129260463730614,0.0129260463730614,Stable,EDS_ML,Cell_TCMC_201,MSRSUM_GOOD,MSR_201,G_AVG,-,N,D,CELL,TCMC,TCMC_1,,,"","","","","",
ML_MSR_202,-0.004181575263596,0.356985178314429,0.907504753536158,0.887202277946216,14416,8199,0.39797780911969,0.39797780911969,0.39797780911969,0.39797780911969,Stable,EDS_ML,Cell_TCMC_202,MSRSUM_GOOD,MSR_202,G_AVG,-,N,D,CELL,TCMC,TCMC_1,,,"","","","","",
ML_MSR_203,-0.00473655355160932,0.348676150140261,0.597881979919871,0.564319003060547,14416,8199,0.59110780314743,0.59110780314743,0.59110780314743,0.59110780314743,Up,EDS_ML,Cell_TCMC_203,MSRSUM_GOOD,MSR_203,G_AVG,-,N,D,CELL,TCMC,TCMC_1,,,"","","","","",
ML_MSR_204,0.001089056118202,-6.02256372728445e-06,0.749242082421553,0.746014856272902,14416,8199,-0.00146158192074581,0.00146158192074581,-0.00146158192074581,0.00146158192074581,Stable,EDS_ML,Cell_TCMC_204,MSRSUM_GOOD,MSR_204,G_AVG,-,N,D,CELL,TCMC,TCMC_1,,,"","","","","",
ML_MSR_205,-0.0021131913845727,0.35904261287962,0.966598933981202,0.971953813663112,14416,8199,0.373635632698945,0.373635632698945,0.373635632698945,0.373635632698945,Stable,EDS_ML,Cell_TCMC_205,MSRSUM_GOOD,MSR_205,G_AVG,-,N,D,CELL,TCMC,TCMC_1,,,"","","","","",
ML_MSR_206,-0.00173464823806881,0.00551192730820832,0.438721726004957,0.611445602305847,14416,8199,0.0165174759232126,0.0165174759232126,0.0165174759232126,0.0165174759232126,Stable,EDS_ML,Cell_TCMC_206,MSRSUM_GOOD,MSR_206,G_AVG,-,N,D,CELL,TCMC,TCMC_1,,,"","","","","",
ML_MSR_207,0.00144312146226415,0.35037894755458,0.519266348954546,0.49991347294047,14416,8199,0.671978507359159,0.671978507359159,0.671978507359159,0.671978507359159,Up,EDS_ML,Cell_TCMC_207,MSRSUM_GOOD,MSR_207,G_AVG,-,N,D,CELL,TCMC,TCMC_1,,,"","","","","",
ML_MSR_208,0.000317288429522754,-0.0047303099158434,0.806351744710214,0.81311023455051,14416,8199,-0.00625979713999397,0.00625979713999397,-0.00625979713999397,0.00625979713999397,Stable,EDS_ML,Cell_TCMC_208,MSRSUM_GOOD,MSR_208,G_AVG,-,N,D,CELL,TCMC,TCMC_1,,,"","","","","",
ML_MSR_209,0.116004707755272,0.11285041712404,0.582649897660685,0.512951922976395,14416,8199,-0.00541369807820571,0.00541369807820571,-0.00541369807820571,0.00541369807820571,Stable,EDS_ML,Cell_TCMC_209,MSRSUM_GOOD,MSR_209,G_AVG,-,N,D,CELL,TCMC,TCMC_1,,,"","","","","",
ML_MSR_210,-0.000676677164261929,0.342452856201976,0.961657000185116,0.953137321469671,14416,8199,0.356810727005769,0.356810727005769,0.356810727005769,0.356810727005769,Stable,EDS_ML,Cell_TCMC_210,MSRSUM_GOOD,MSR_210,G_AVG,-,N,U,CELL,TCMC,TCMC_1,,,"","","","","",
ML_MSR_211,0.00744951158435072,-0.0195443230881815,0.819960695104958,1.0913031883209,14416,8199,-0.0329208885665878,0.0329208885665878,-0.0329208885665878,0.0329208885665878,Stable,EDS_ML,Cell_TCMC_211,MSRSUM_GOOD,MSR_211,G_AVG,-,N,U,CELL,TCMC,TCMC_1,,,"","","","","",
ML_MSR_212,-0.0020932064372919,0.357724202707647,0.538065920734147,0.541792182041168,14416,8199,0.668723655001227,0.668723655001227,0.668723655001227,0.668723655001227,Up,EDS_ML,Cell_TCMC_212,MSRSUM_GOOD,MSR_212,G_AVG,-,N,U,CELL,TCMC,TCMC_1,,,"","","","","",
ML_MSR_213,0.00364632221143174,0.0134919625564093,0.988289610140538,1.17898555128196,14416,8199,0.00996230279460035,0.00996230279460035,0.00996230279460035,0.00996230279460035,Stable,EDS_ML,Cell_TCMC_213,MSRSUM_GOOD,MSR_213,G_AVG,-,N,U,CELL,TCMC,TCMC_1,,,"","","","","",
ML_MSR_214,-0.000866324639289678,-0.00880392645444566,0.764344060047663,0.945811242147292,14416,8199,-0.0103848544524059,0.0103848544524059,-0.0103848544524059,0.0103848544524059,Stable,EDS_ML,Cell_TCMC_214,MSRSUM_GOOD,MSR_214,G_AVG,-,N,U,CELL,TCMC,TCMC_1,,,"","","","","",
ML_MSR_215,-0.00303824445061043,0.000581742773508964,0.626801404092643,0.623631499774541,14416,8199,0.00577533362319073,0.00577533362319073,0.00577533362319073,0.00577533362319073,Stable,EDS_ML,Cell_TCMC_215,MSRSUM_GOOD,MSR_215,G_AVG,-,N,U,CELL,TCMC,TCMC_1,,,"","","","","",
ML_MSR_216,0.00170293618201998,-0.0028349369435297,0.863583491567046,0.859407297339408,14416,8199,-0.00525470110286073,0.00525470110286073,-0.00525470110286073,0.00525470110286073,Stable,EDS_ML,Cell_TCMC_216,MSRSUM_GOOD,MSR_216,G_AVG,-,N,U,CELL,TCMC,TCMC_1,,,"","","","","",
ML_MSR_217,-0.00612823612652608,0.015952553482132,0.553089041051635,0.792331172565887,14416,8199,0.039922667002539,0.039922667002539,0.039922667002539,0.039922667002539,Stable,EDS_ML,Cell_TCMC_217,MSRSUM_GOOD,MSR_217,G_AVG,-,N,U,CELL,TCMC,TCMC_1,,,"","","","","",
ML_MSR_218,0.000743422516648169,0.352562406269057,0.962624691997612,0.955591744803053,14416,8199,0.365478869051576,0.365478869051576,0.365478869051576,0.365478869051576,Stable,EDS_ML,Cell_TCMC_218,MSRSUM_GOOD,MSR_218,G_AVG,-,N,U,CELL,TCMC,TCMC_1,,,"","","","","",
ML_MSR_219,-0.00132813401775805,0.357806991950238,0.674616886670886,0.655588905906187,14416,8199,0.532354189561224,0.532354189561224,0.532354189561224,0.532354189561224,Up,EDS_ML,Cell_TCMC_219,MSRSUM_GOOD,MSR_219,G_AVG,-,N,U,CELL,TCMC,TCMC_1,,,"","","","","",
ML_MSR_220,0.000524666273584907,0.00576688193682156,0.528574762923284,0.536857519951386,14416,8199,0.00991764274602247,0.00991764274602247,0.00991764274602247,0.00991764274602247,Stable,EDS_ML,Cell_TCMC_220,MSRSUM_GOOD,MSR_220,G_AVG,-,N,N,CELL,TCMC,TCMC_1,,,"","","","","",
ML_MSR_221,-0.00472246018312986,0.0153813572386876,0.79608976593312,0.798217583394292,14416,8199,0.02525320420148,0.02525320420148,0.02525320420148,0.02525320420148,Stable,EDS_ML,Cell_TCMC_221,MSRSUM_GOOD,MSR_221,G_AVG,-,N,N,CELL,TCMC,TCMC_1,,,"","","","","",
ML_MSR_222,-0.000738577691453941,0.00586495487254543,0.723812539922614,0.667465705134958,14416,8199,0.00912326355205919,0.00912326355205919,0.00912326355205919,0.00912326355205919,Stable,EDS_ML,Cell_TCMC_222,MSRSUM_GOOD,MSR_222,G_AVG,-,N,N,CELL,TCMC,TCMC_1,,,"","","","","",
ML_MSR_223,0.00358614095449501,-0.00545533247957068,0.521311526410247,0.516402293545667,14416,8199,-0.0173437052050725,0.0173437052050725,-0.0173437052050725,0.0173437052050725,Stable,EDS_ML,Cell_TCMC_223,MSRSUM_GOOD,MSR_223,G_AVG,-,N,N,CELL,TCMC,TCMC_1,,,"","","","","",
ML_MSR_224,0.00305925443951165,-0.00148855336016587,1.09526513965183,1.06441054117192,14416,8199,-0.00415224372166472,0.00415224372166472,-0.00415224372166472,0.00415224372166472,Stable,EDS_ML,Cell_TCMC_224,MSRSUM_GOOD,MSR_224,G_AVG,-,N,N,CELL,TCMC,TCMC_1,,,"","","","","",
ML_MSR_225,0.00138177913429523,-0.000598100865959264,0.592677151849089,0.818576855673659,14416,8199,-0.00334057082186732,0.00334057082186732,-0.00334057082186732,0.00334057082186732,Stable,EDS_ML,Cell_TCMC_225,MSRSUM_GOOD,MSR_225,G_AVG,-,N,N,CELL,TCMC,TCMC_2,,,"","","","","",
ML_MSR_226,0.00129680875416204,0.00288951128186364,0.646602408780043,0.666610794300731,14416,8199,0.00246318681476393,0.00246318681476393,0.00246318681476393,0.00246318681476393,Stable,EDS_ML,Cell_TCMC_226,MSRSUM_GOOD,MSR_226,G_AVG,-,N,N,CELL,TCMC,TCMC_2,,,"","","","","",
ML_MSR_227,0.0011205957963374,-0.00353337455787291,0.500996554228726,0.499243647917407,14416,8199,-0.009289425875144,0.009289425875144,-0.009289425875144,0.009289425875144,Stable,EDS_ML,Cell_TCMC_227,MSRSUM_GOOD,MSR_227,G_AVG,-,N,N,CELL,TCMC,TCMC_2,,,"","","","","",
ML_MSR_228,-0.00625993458657048,0.00870994389559703,0.94489719192635,1.29093527175611,14416,8199,0.0158428648217788,0.0158428648217788,0.0158428648217788,0.0158428648217788,Stable,EDS_ML,Cell_TCMC_228,MSRSUM_GOOD,MSR_228,G_AVG,-,N,N,CELL,TCMC,TCMC_2,,,"","","","","",
ML_MSR_229,0.00131260044395117,-0.000948678253445542,0.521698265777583,0.665894808637348,14416,8199,-0.00433445699503391,0.00433445699503391,-0.00433445699503391,0.00433445699503391,Stable,EDS_ML,Cell_TCMC_229,MSRSUM_GOOD,MSR_229,G_AVG,-,N,N,CELL,TCMC,TCMC_2,,,"","","","","",
ML_MSR_230,-0.00302676408157603,0.00720394706671545,0.901571023345785,0.907018552814789,14416,8199,0.0113476485860478,0.0113476485860478,0.0113476485860478,0.0113476485860478,Stable,EDS_ML,Cell_TCMC_230,MSRSUM_GOOD,MSR_230,G_AVG,-,N,D,CELL,TCMC,TCMC_2,,,"","","","","",
ML_MSR_231,-0.000292185141509434,0.00329027137455787,0.456436614708869,0.468004903877298,14416,8199,0.00784874920333094,0.00784874920333094,0.00784874920333094,0.00784874920333094,Stable,EDS_ML,Cell_TCMC_231,MSRSUM_GOOD,MSR_231,G_AVG,-,N,D,CELL,TCMC,TCMC_2,,,"","","","","",
ML_MSR_232,-0.00344225568812431,0.00447967252103915,0.751687834588263,0.751143673393202,14416,8199,0.0105388538228807,0.0105388538228807,0.0105388538228807,0.0105388538228807,Stable,EDS_ML,Cell_TCMC_232,MSRSUM_GOOD,MSR_232,G_AVG,-,N,D,CELL,TCMC,TCMC_2,,,"","","","","",
ML_MSR_233,-0.000888022197558268,-0.000310670325649468,0.733158183822284,0.913974912993667,14416,8199,0.000787486090517062,0.000787486090517062,0.000787486090517062,0.000787486090517062,Stable,EDS_ML,Cell_TCMC_233,MSRSUM_GOOD,MSR_233,G_AVG,-,N,D,CELL,TCMC,TCMC_2,,,"","","","","",
ML_MSR_234,0.000880882144839068,0.350356341992926,0.523396609952223,0.522725232153803,14416,8199,0.667706769976954,0.667706769976954,0.667706769976954,0.667706769976954,Up,EDS_ML,Cell_TCMC_234,MSRSUM_GOOD,MSR_234,G_AVG,-,N,D,CELL,TCMC,TCMC_2,,,"","","","","",
ML_MSR_235,0.000723167383462819,0.348079005976339,0.520626444736464,0.536915694712801,14416,8199,0.667188234682746,0.667188234682746,0.667188234682746,0.667188234682746,Up,EDS_ML,Cell_TCMC_235,MSRSUM_GOOD,MSR_235,G_AVG,-,N,D,CELL,TCMC,TCMC_2,,,"","","","","",
ML_MSR_236,-0.00274290357935627,0.00799383168679107,0.743338325484653,0.729089453050869,14416,8199,0.0144439414705909,0.0144439414705909,0.0144439414705909,0.0144439414705909,Stable,EDS_ML,Cell_TCMC_236,MSRSUM_GOOD,MSR_236,G_AVG,-,N,D,CELL,TCMC,TCMC_2,,,"","","","","",
ML_MSR_237,0.00192190572974473,0.00332415819002317,0.714442651628791,0.916609436026353,14416,8199,0.00196272221021741,0.00196272221021741,0.00196272221021741,0.00196272221021741,Stable,EDS_ML,Cell_TCMC_237,MSRSUM_GOOD,MSR_237,G_AVG,-,N,D,CELL,TCMC,TCMC_2,,,"","","","","",
ML_MSR_238,0.00094013672308546,-0.00539360787900964,0.654559286564688,0.660500248886144,14416,8199,-0.00967634977014286,0.00967634977014286,-0.00967634977014286,0.00967634977014286,Stable,EDS_ML,Cell_TCMC_238,MSRSUM_GOOD,MSR_238,G_AVG,-,N,D,CELL,TCMC,TCMC_2,,,"","","","","",
ML_MSR_239,-0.00243301193118757,0.00873997511891694,0.557644303923795,0.558552512595308,14416,8199,0.0200360462242458,0.0200360462242458,0.0200360462242458,0.0200360462242458,Stable,EDS_ML,Cell_TCMC_239,MSRSUM_GOOD,MSR_239,G_AVG,-,N,D,CELL,TCMC,TCMC_2,,,"","","","","",
ML_MSR_240,0.000855800430077691,-0.00236311147700939,0.57478798502541,0.579305660570328,14416,8199,-0.0056001725696211,0.0056001725696211,-0.0056001725696211,0.0056001725696211,Stable,EDS_ML,Cell_TCMC_240,MSRSUM_GOOD,MSR_240,G_AVG,-,N,U,CELL,TCMC,TCMC_2,,,"","","","","",
ML_MSR_241,0.000420840593784683,0.364796927430174,0.910517055965978,0.910350696328767,14416,8199,0.40018589926338,0.40018589926338,0.40018589926338,0.40018589926338,Stable,EDS_ML,Cell_TCMC_241,MSRSUM_GOOD,MSR_241,G_AVG,-,N,U,CELL,TCMC,TCMC_2,,,"","","","","",
ML_MSR_242,0.0004379105854606,0.00433535248201,0.527100288818268,0.731554588917341,14416,8199,0.00739411830960531,0.00739411830960531,0.00739411830960531,0.00739411830960531,Stable,EDS_ML,Cell_TCMC_242,MSRSUM_GOOD,MSR_242,G_AVG,-,N,U,CELL,TCMC,TCMC_2,,,"","","","","",
ML_MSR_243,0.000613728565482797,-0.00272808866934992,0.878379926342966,1.21741896118569,14416,8199,-0.0038045236857199,0.0038045236857199,-0.0038045236857199,0.0038045236857199,Stable,EDS_ML,Cell_TCMC_243,MSRSUM_GOOD,MSR_243,G_AVG,-,N,U,CELL,TCMC,TCMC_2,,,"","","","","",
ML_MSR_244,0.00268922010266371,0.00271762361263569,1.84228438260374,1.85508285514027,14416,8199,1.54175491255233e-05,1.54175491255233e-05,1.54175491255233e-05,1.54175491255233e-05,Stable,EDS_ML,Cell_TCMC_244,MSRSUM_GOOD,MSR_244,G_AVG,-,N,U,CELL,TCMC,TCMC_2,,,"","","","","",
ML_MSR_245,0.00176910412042175,0.000429949871935603,0.712823091209956,0.705768214888376,14416,8199,-0.00187866283373768,0.00187866283373768,-0.00187866283373768,0.00187866283373768,Stable,EDS_ML,Cell_TCMC_245,MSRSUM_GOOD,MSR_245,G_AVG,-,N,U,CELL,TCMC,TCMC_2,,,"","","","","",
ML_MSR_246,0.000284267064372919,-0.000334786315404318,0.542472420808738,0.528761853729006,14416,8199,-0.00114117023470858,0.00114117023470858,-0.00114117023470858,0.00114117023470858,Stable,EDS_ML,Cell_TCMC_246,MSRSUM_GOOD,MSR_246,G_AVG,-,N,U,CELL,TCMC,TCMC_2,,,"","","","","",
ML_MSR_247,-0.000663559655937845,-0.00990821014757897,0.867100041772051,1.17310519672059,14416,8199,-0.0106615731130035,0.0106615731130035,-0.0106615731130035,0.0106615731130035,Stable,EDS_ML,Cell_TCMC_247,MSRSUM_GOOD,MSR_247,G_AVG,-,N,U,CELL,TCMC,TCMC_2,,,"","","","","",
ML_MSR_248,-0.000771279203662597,0.353251996828882,0.71568666349096,0.722708923355597,14416,8199,0.494662390808986,0.494662390808986,0.494662390808986,0.494662390808986,Stable,EDS_ML,Cell_TCMC_248,MSRSUM_GOOD,MSR_248,G_AVG,-,N,U,CELL,TCMC,TCMC_2,,,"","","","","",
ML_MSR_249,-0.00178380646503885,-0.00832792316136114,0.803519632332059,0.837014699759417,14416,8199,-0.00814431462903933,0.00814431462903933,-0.00814431462903933,0.00814431462903933,Stable,EDS_ML,Cell_TCMC_249,MSRSUM_GOOD,MSR_249,G_AVG,-,N,U,CELL,TCMC,TCMC_2,,,"","","","","",
ML_MSR_250,0.00113984475582686,0.000560026832540552,1.27412803068633,1.26903088778583,14416,8199,-0.000455070377012252,0.000455070377012252,-0.000455070377012252,0.000455070377012252,Stable,EDS_ML,Cell_WTC_250,MSRSUM_GOOD,MSR_250,G_AVG,-,N,N,CELL,WTC,WTC_1,,,"","",WTC,1WL,WL000,1
ML_MSR_251,-0.00264663485016648,0.0151066234906696,1.3747594643578,1.3580634346906,14416,8199,0.0129137196732298,0.0129137196732298,0.0129137196732298,0.0129137196732298,Stable,EDS_ML,Cell_WTC_251,MSRSUM_GOOD,MSR_251,G_AVG,-,N,N,CELL,WTC,WTC_1,,,"","",WTC,1WL,WL001,2
ML_MSR_252,0.00518501227802441,0.0175085726308086,1.31603404555675,1.31843993833228,14416,8199,0.00936416530741855,0.00936416530741855,0.00936416530741855,0.00936416530741855,Stable,EDS_ML,Cell_WTC_252,MSRSUM_GOOD,MSR_252,G_AVG,-,N,N,CELL,WTC,WTC_1,,,"","",WTC,1WL,WL002,3
ML_MSR_253,0.00242997190621531,-0.015575702402732,1.20027975288429,1.19855262302777,14416,8199,-0.0150012313926644,0.0150012313926644,-0.0150012313926644,0.0150012313926644,Stable,EDS_ML,Cell_WTC_253,MSRSUM_GOOD,MSR_253,G_AVG,-,N,N,CELL,WTC,WTC_1,,,"","",WTC,1WL,WL003,4
ML_MSR_254,0.00344422259988901,-0.00630969740212221,0.741133892265763,0.930112864383652,14416,8199,-0.0131608068444852,0.0131608068444852,-0.0131608068444852,0.0131608068444852,Stable,EDS_ML,Cell_WTC_254,MSRSUM_GOOD,MSR_254,G_AVG,-,N,N,CELL,WTC,WTC_1,,,"","",WTC,1WL,WL004,5
ML_MSR_255,0.00450045498057714,0.00119830784241981,0.857297914965814,1.04795097969683,14416,8199,-0.0038518081993574,0.0038518081993574,-0.0038518081993574,0.0038518081993574,Stable,EDS_ML,Cell_WTC_255,MSRSUM_GOOD,MSR_255,G_AVG,-,N,N,CELL,WTC,WTC_1,,,"","",WTC,1WL,WL005,6
ML_MSR_256,3.1828523862369e-06,0.349588758994999,0.729121246787378,0.706512175222461,14416,8199,0.479461512996558,0.479461512996558,0.479461512996558,0.479461512996558,Stable,EDS_ML,Cell_WTC_256,MSRSUM_GOOD,MSR_256,G_AVG,-,N,N,CELL,WTC,WTC_1,,,"","",WTC,1WL,WL006,7
ML_MSR_257,-0.00213611605160932,-0.000691485790950118,0.673196573083214,0.899448396656839,14416,8199,0.00214592634368719,0.00214592634368719,0.00214592634368719,0.00214592634368719,Stable,EDS_ML,Cell_WTC_257,MSRSUM_GOOD,MSR_257,G_AVG,-,N,N,CELL,WTC,WTC_1,,,"","",WTC,1WL,WL007,8
ML_MSR_258,-0.00393768146503885,0.00238441822173436,0.562114827009256,0.565911328928106,14416,8199,0.0112469897305682,0.0112469897305682,0.0112469897305682,0.0112469897305682,Stable,EDS_ML,Cell_WTC_258,MSRSUM_GOOD,MSR_258,G_AVG,-,N,N,CELL,WTC,WTC_1,,,"","",WTC,1WL,WL008,9
ML_MSR_259,0.00265745518867925,-0.0135001179412123,0.627291470971854,0.863879525130784,14416,8199,-0.0257576802452915,0.0257576802452915,-0.0257576802452915,0.0257576802452915,Stable,EDS_ML,Cell_WTC_259,MSRSUM_GOOD,MSR_259,G_AVG,-,N,N,CELL,WTC,WTC_1,,,"",Y,WTC,1WL,CDUM1,10
ML_MSR_260,-0.000757137555493896,0.346033537138676,0.960663718611964,0.946264854780008,14416,8199,0.360990706711853,0.360990706711853,0.360990706711853,0.360990706711853,Stable,EDS_ML,Cell_WTC_260,MSRSUM_GOOD,MSR_260,G_AVG,-,N,D,CELL,WTC,WTC_1,,,"","",WTC,1WL,CDUM2,11
ML_MSR_261,0.00316356444228635,-0.00822906147091109,1.10258722862418,1.08785137174751,14416,8199,-0.0103326300336467,0.0103326300336467,-0.0103326300336467,0.0103326300336467,Stable,EDS_ML,Cell_WTC_261,MSRSUM_GOOD,MSR_261,G_AVG,-,N,D,CELL,WTC,WTC_1,,,"","",WTC,1WL,WL009,12
ML_MSR_262,0.00128465711709212,-0.0123566234906696,0.627344081571795,0.844101943520186,14416,8199,-0.0217444955782221,0.0217444955782221,-0.0217444955782221,0.0217444955782221,Stable,EDS_ML,Cell_WTC_262,MSRSUM_GOOD,MSR_262,G_AVG,-,N,D,CELL,WTC,WTC_1,,,"","",WTC,1WL,WL010,13
ML_MSR_263,0.000848504716981132,0.0038392263690694,0.594064557658664,0.821556256200802,14416,8199,0.00503433778960883,0.00503433778960883,0.00503433778960883,0.00503433778960883,Stable,EDS_ML,Cell_WTC_263,MSRSUM_GOOD,MSR_263,G_AVG,-,N,D,CELL,WTC,WTC_1,,,"","",WTC,1WL,WL011,14
ML_MSR_264,-0.0139986605854606,0.0223262292962556,0.755315466987347,2.11345675154301,14416,8199,0.0480923421661174,0.0480923421661174,0.0480923421661174,0.0480923421661174,Stable,EDS_ML,Cell_WTC_264,MSRSUM_GOOD,MSR_264,G_AVG,-,N,D,CELL,WTC,WTC_1,,,"","",WTC,1WL,WL012,15
ML_MSR_265,0.000426482241953388,-0.0107534968898646,1.16839259201943,1.17134097524071,14416,8199,-0.00956868368404729,0.00956868368404729,-0.00956868368404729,0.00956868368404729,Stable,EDS_ML,Cell_WTC_265,MSRSUM_GOOD,MSR_265,G_AVG,-,N,D,CELL,WTC,WTC_1,,,"","",WTC,1WL,WL013,16
ML_MSR_266,0.00175185190066593,0.00175713440663496,0.505838468960717,0.7393592861375,14416,8199,1.04430688711408e-05,1.04430688711408e-05,1.04430688711408e-05,1.04430688711408e-05,Stable,EDS_ML,Cell_WTC_266,MSRSUM_GOOD,MSR_266,G_AVG,-,N,D,CELL,WTC,WTC_1,,,Y,Y,WTC,1WL,WL014,17
ML_MSR_267,-0.00162413741675916,-0.00276758982802781,0.406478462238708,0.675695417497556,14416,8199,-0.00281307010701381,0.00281307010701381,-0.00281307010701381,0.00281307010701381,Stable,EDS_ML,Cell_WTC_267,MSRSUM_GOOD,MSR_267,G_AVG,-,N,D,CELL,WTC,WTC_1,,,"","",WTC,1WL,WL015,18
ML_MSR_268,0.000822686667591564,-0.00647993206488596,0.796205043600513,0.794056470871262,14416,8199,-0.00917178155447799,0.00917178155447799,-0.00917178155447799,0.00917178155447799,Stable,EDS_ML,Cell_WTC_268,MSRSUM_GOOD,MSR_268,G_AVG,-,N,D,CELL,WTC,WTC_1,,,"","",WTC,1WL,WL016,19
ML_MSR_269,-0.00122219540788013,-0.000952668008293694,0.750422649396836,0.738944032770135,14416,8199,0.000359167463566133,0.000359167463566133,0.000359167463566133,0.000359167463566133,Stable,EDS_ML,Cell_WTC_269,MSRSUM_GOOD,MSR_269,G_AVG,-,N,D,CELL,WTC,WTC_1,,,"","",WTC,1WL,WL017,20
ML_MSR_270,0.00318814331298557,-0.00251465093304061,1.09488983296466,1.08625356707063,14416,8199,-0.0052085553033081,0.0052085553033081,-0.0052085553033081,0.0052085553033081,Stable,EDS_ML,Cell_WTC_270,MSRSUM_GOOD,MSR_270,G_AVG,-,N,U,CELL,WTC,WTC_1,,,"","","","","",
ML_MSR_271,0.000677416204217537,0.346916357604586,0.662218983815236,0.658705361216216,14416,8199,0.522846595858043,0.522846595858043,0.522846595858043,0.522846595858043,Up,EDS_ML,Cell_WTC_271,MSRSUM_GOOD,MSR_271,G_AVG,-,N,U,CELL,WTC,WTC_1,,,"","","","","",
ML_MSR_272,0.0001803765954495,-0.00205555640931821,0.343126855770322,0.347416957758437,14416,8199,-0.00651634509851473,0.00651634509851473,-0.00651634509851473,0.00651634509851473,Stable,EDS_ML,Cell_WTC_272,MSRSUM_GOOD,MSR_272,G_AVG,-,N,U,CELL,WTC,WTC_1,,,"","","","","",
ML_MSR_273,0.000951974403440621,0.00490642395414075,0.723196473254477,1.04371455641201,14416,8199,0.0054680155351209,0.0054680155351209,0.0054680155351209,0.0054680155351209,Stable,EDS_ML,Cell_WTC_273,MSRSUM_GOOD,MSR_273,G_AVG,-,N,U,CELL,WTC,WTC_1,,,"","","","","",
ML_MSR_274,-0.0022663426054384,0.00142448664471277,0.760176793184481,0.814547881068096,14416,8199,0.00485522484143432,0.00485522484143432,0.00485522484143432,0.00485522484143432,Stable,EDS_ML,Cell_WTC_274,MSRSUM_GOOD,MSR_274,G_AVG,-,N,U,CELL,WTC,WTC_1,,,"","","","","",
ML_MSR_275,0.000206883670921199,-0.00867260129284059,0.573947711468343,0.565360405125734,14416,8199,-0.0154708953208389,0.0154708953208389,-0.0154708953208389,0.0154708953208389,Stable,EDS_ML,Cell_WTC_275,MSRSUM_GOOD,MSR_275,G_AVG,-,N,U,CELL,WTC,WTC_2,,,"","","","","",
ML_MSR_276,0.00203841349889012,-0.00368932052689352,0.790223970944792,1.06223151210568,14416,8199,-0.00724824130421603,0.00724824130421603,-0.00724824130421603,0.00724824130421603,Stable,EDS_ML,Cell_WTC_276,MSRSUM_GOOD,MSR_276,G_AVG,-,N,U,CELL,WTC,WTC_2,,,"","","","","",
ML_MSR_277,-0.00191272523584906,-0.00153130015855592,0.498757175922074,0.488694492171148,14416,8199,0.000764751056639892,0.000764751056639892,0.000764751056639892,0.000764751056639892,Stable,EDS_ML,Cell_WTC_277,MSRSUM_GOOD,MSR_277,G_AVG,-,N,U,CELL,WTC,WTC_2,,,"","","","","",
ML_MSR_278,0.00217016620421754,0.00378223356506891,0.691649604714522,0.692963148172792,14416,8199,0.0023307572936686,0.0023307572936686,0.0023307572936686,0.0023307572936686,Stable,EDS_ML,Cell_WTC_278,MSRSUM_GOOD,MSR_278,G_AVG,-,N,U,CELL,WTC,WTC_2,,,"","","","","",
ML_MSR_279,-0.000732876872918978,0.00088270057324064,0.639853146027174,0.866100761873888,14416,8199,0.00252491912588175,0.00252491912588175,0.00252491912588175,0.00252491912588175,Stable,EDS_ML,Cell_WTC_279,MSRSUM_GOOD,MSR_279,G_AVG,-,N,U,CELL,WTC,WTC_2,,,"","","","","",
ML_MSR_280,-0.00106952587402886,-0.00513824466398341,0.699365801611827,0.703367741502404,14416,8199,-0.00581772626081714,0.00581772626081714,-0.00581772626081714,0.00581772626081714,Stable,EDS_ML,Cell_WTC_280,MSRSUM_GOOD,MSR_280,G_AVG,-,N,N,CELL,WTC,WTC_2,,,"","","","","",
ML_MSR_281,-0.00358101935349612,0.00833515001829492,0.59144247644283,0.590806475340123,14416,8199,0.0201476387753879,0.0201476387753879,0.0201476387753879,0.0201476387753879,Stable,EDS_ML,Cell_WTC_281,MSRSUM_GOOD,MSR_281,G_AVG,-,N,N,CELL,WTC,WTC_2,,,"","","","","",
ML_MSR_282,0.000509021087680355,0.00296304524942066,0.533135359183082,0.535762384703973,14416,8199,0.00460300394537811,0.00460300394537811,0.00460300394537811,0.00460300394537811,Stable,EDS_ML,Cell_WTC_282,MSRSUM_GOOD,MSR_282,G_AVG,-,N,N,CELL,WTC,WTC_2,,,"","","","","",
ML_MSR_283,-0.00107345359322974,0.00106513282107574,0.475875255107621,0.475406504661919,14416,8199,0.00449400634168683,0.00449400634168683,0.00449400634168683,0.00449400634168683,Stable,EDS_ML,Cell_WTC_283,MSRSUM_GOOD,MSR_283,G_AVG,-,N,N,CELL,WTC,WTC_2,,,"","","","","",
ML_MSR_284,0.00215578149278579,-0.000909978533967557,0.677269342442079,0.704323225082707,14416,8199,-0.00452664816585219,0.00452664816585219,-0.00452664816585219,0.00452664816585219,Stable,EDS_ML,Cell_WTC_284,MSRSUM_GOOD,MSR_284,G_AVG,-,N,N,CELL,WTC,WTC_2,,,"","","","","",
ML_MSR_285,0.000677369519977802,0.000922997438712037,0.586565438656974,0.781419857868711,14416,8199,0.000418756207826759,0.000418756207826759,0.000418756207826759,0.000418756207826759,Stable,EDS_ML,Cell_WTC_285,MSRSUM_GOOD,MSR_285,G_AVG,-,N,N,CELL,WTC,WTC_2,,,"","","","","",
ML_MSR_286,0.00217838429522752,0.0102115332357605,1.13119755302588,0.798432010194846,14416,8199,0.00710145537271081,0.00710145537271081,0.00710145537271081,0.00710145537271081,Stable,EDS_ML,Cell_WTC_286,MSRSUM_GOOD,MSR_286,G_AVG,-,N,N,CELL,WTC,WTC_2,,,"","","","","",
ML_MSR_287,0.000390846143174252,-0.00615233662641786,0.912249038293923,0.947811501616713,14416,8199,-0.00717258390519006,0.00717258390519006,-0.00717258390519006,0.00717258390519006,Stable,EDS_ML,Cell_WTC_287,MSRSUM_GOOD,MSR_287,G_AVG,-,N,N,CELL,WTC,WTC_2,,,"","","","","",
ML_MSR_288,-0.00281778953940067,0.00235735638492499,0.627537579994314,0.615315862704995,14416,8199,0.0082467506159114,0.0082467506159114,0.0082467506159114,0.0082467506159114,Stable,EDS_ML,Cell_WTC_288,MSRSUM_GOOD,MSR_288,G_AVG,-,N,N,CELL,WTC,WTC_2,,,"","","","","",
ML_MSR_289,-0.000352326997780243,0.00764838187583851,1.3454101578147,1.441220647572,14416,8199,0.00594666899692062,0.00594666899692062,0.00594666899692062,0.00594666899692062,Stable,EDS_ML,Cell_WTC_289,MSRSUM_GOOD,MSR_289,G_AVG,-,N,N,CELL,WTC,WTC_2,,,"","","","","",
ML_MSR_290,0.000613063817980023,0.339953147091109,0.645458786240838,0.648916820211485,14416,8199,0.525734702984602,0.525734702984602,0.525734702984602,0.525734702984602,Up,EDS_ML,Cell_WTC_290,MSRSUM_GOOD,MSR_290,G_AVG,-,N,D,CELL,WTC,WTC_2,,,"","","","","",
ML_MSR_291,0.00954894200887902,-0.00601624917672887,0.956065597858515,0.787521533476468,14416,8199,-0.0162804636214003,0.0162804636214003,-0.0162804636214003,0.0162804636214003,Stable,EDS_ML,Cell_WTC_291,MSRSUM_GOOD,MSR_291,G_AVG,-,N,D,CELL,WTC,WTC_2,,,"","","","","",
ML_MSR_292,0.00213132859322974,0.0087152058787657,0.817292007780623,0.819720236926914,14416,8199,0.00805572209547802,0.00805572209547802,0.00805572209547802,0.00805572209547802,Stable,EDS_ML,Cell_WTC_292,MSRSUM_GOOD,MSR_292,G_AVG,-,N,D,CELL,WTC,WTC_2,,,"","","","","",
ML_MSR_293,-0.0019194224472808,0.0217543195511648,1.08628086563467,1.49462642919183,14416,8199,0.021793389488283,0.021793389488283,0.021793389488283,0.021793389488283,Stable,EDS_ML,Cell_WTC_293,MSRSUM_GOOD,MSR_293,G_AVG,-,N,D,CELL,WTC,WTC_2,,,"","","","","",
ML_MSR_294,0.000632350790788013,-0.00304452189291377,0.627061457891103,0.829869360896094,14416,8199,-0.00586365600601196,0.00586365600601196,-0.00586365600601196,0.00586365600601196,Stable,EDS_ML,Cell_WTC_294,MSRSUM_GOOD,MSR_294,G_AVG,-,N,D,CELL,WTC,WTC_2,,,"","","","","",
ML_MSR_295,0.00365886528856825,0.0108343373582144,0.703691975419708,0.966610824698821,14416,8199,0.0101968934140061,0.0101968934140061,0.0101968934140061,0.0101968934140061,Stable,EDS_ML,Cell_WTC_295,MSRSUM_GOOD,MSR_295,G_AVG,-,N,D,CELL,WTC,WTC_2,,,"","","","","",
ML_MSR_296,-0.000919420643729189,-0.00842378899865837,1.05103464532072,1.01973656552251,14416,8199,-0.007139981910529,0.007139981910529,-0.007139981910529,0.007139981910529,Stable,EDS_ML,Cell_WTC_296,MSRSUM_GOOD,MSR_296,G_AVG,-,N,D,CELL,WTC,WTC_2,,,"","","","","",
ML_MSR_297,0.00636252413984462,-0.0061550556165386,0.735518688237851,0.74591056838399,14416,8199,-0.0170187106820803,0.0170187106820803,-0.0170187106820803,0.0170187106820803,Stable,EDS_ML,Cell_WTC_297,MSRSUM_GOOD,MSR_297,G_AVG,-,N,D,CELL,WTC,WTC_2,,,"","","","","",
ML_MSR_298,0.00251460793562708,0.0104013349188925,1.77429059760894,1.8529708332016,14416,8199,0.0044450029740865,0.0044450029740865,0.0044450029740865,0.0044450029740865,Stable,EDS_ML,Cell_WTC_298,MSRSUM_GOOD,MSR_298,G_AVG,-,N,D,CELL,WTC,WTC_2,,,Y,"","","","",
ML_MSR_299,0.000171816245837958,0.00150576667886328,0.6626925050844,0.659055910832556,14416,8199,0.00201292518444196,0.00201292518444196,0.00201292518444196,0.00201292518444196,Stable,EDS_ML,Cell_WTC_299,MSRSUM_GOOD,MSR_299,G_AVG,-,N,D,CELL,WTC,WTC_2,,,"","","","","",
